"arg_sig","count"
"[I, L, sD]",1
"[error, sC]",115
"[M{C}, M{D}, M{I}, data.frame, sS]",1
"[sD, language, sN, error]",1
"[l{L}]",115
"[D, Y, data.frame, externalptr, language, l{?}, raw_NA, sC, sD, sE, sF, sI, sL, sN]",1
"[sC, l{sE}, l{l{?}}]",1
"[l{sN}, l{D}]",3
"[l{?}, l{I}, l{l{?}}]",12
"[sS, l{sS}]",5
"[missing, sC, sD]",10
"[l{externalptr}, sN]",2
"[C, D, L, l{C}, raw_NA, sD, sN]",1
"[D, l{C}, sL, sN]",1
"[C, raw_NA, sN]",1
"[C, M{C}, sN]",2
"[error, sD]",301
"[sC, sD, C, D, sI]",1
"[l{I}, l{language}, l{D}]",1
"[D, I, M{D}, sD, sI]",7
"[l{Y}, C, l{?}]",1
"[C, Y, language, l{?}, l{C}, l{language}, sC, sD, sF, sI, sN, sS]",1
"[error, sE, sI]",1
"[l{I}, sD, l{L}, D, sI, I, l{D}]",1
"[l{?}, l{C}, l{I}, l{L}, l{l{?}}]",1
"[error, language, raw_NA, sN]",1
"[sX, X]",35
"[D, L, missing, sD, sI]",1
"[C, I, sC, sD, sN]",3
"[missing, raw_NA]",2
"[sS, sI, I]",14
"[D, l{?}, sD]",6
"[C, D, I, L, data.frame, language, l{?}, l{l{?}}, sC, sD, sF, sN]",1
"[D, M{D}, sD, sX]",1
"[sX, X, I]",1
"[sC, sD, l{I}, M{D}, M{I}, sI, sL, l{D}, M{L}, M{C}]",1
"[C, raw_NA, sC, sI, sN]",1
"[C, D, I, data.frame, error]",1
"[C, l{l{?}}, sC]",1
"[l{?}, l{l{?}}, l{sE}]",1
"[M{D}, l{?}, l{D}]",5
"[M{D}, D, sI, M{I}, I]",1
"[D, I, L, M{D}, M{I}, M{L}, sD]",1
"[sC, sD, sF, I, sL, sN, error, data.frame, l{l{?}}, l{?}]",1
"[l{Y}, sE, l{D}, l{?}]",1
"[l{I}, l{sN}, sN]",3
"[C, D, I, L, externalptr, missing, raw_NA, sC, sD]",1
"[I, sI, sS]",3
"[l{C}, l{D}, l{I}, l{l{?}}]",1
"[sI, l{D}]",1
"[Y, language, pairlist, sD, sN]",1
"[X]",61
"[arg2_t]",1
"[l{?}, l{C}, l{D}, l{I}, l{L}, l{sS}, sS]",1
"[l{?}, sF, unevaled]",1
"[sC, sD, C, D, sN]",1
"[l{language}, sF]",2
"[l{?}, l{C}, l{language}]",1
"[M{D}, M{I}, R]",1
"[M{I}, M{C}, raw_NA]",1
"[C, l{?}, l{l{?}}, sC, sE, sF, sI, sN, unevaled]",2
"[I, L, sI]",3
"[data.frame, sF, sN]",7
"[I, missing, sC, sD, sI]",1
"[Y]",64
"[sS, sC, C, D, sI, I]",1
"[D, I, sC, sD, sI, sL, sN]",1
"[C, D, raw_NA, sC, sD, sI, sN]",1
"[C, I, sC, sD, sI]",8
"[D, I, L, M{D}, sD, sI, sS]",1
"[D, I, L, M{L}, missing, sI, sL]",1
"[D, I, M{D}, data.frame, error, l{?}, l{D}, sD]",1
"[C, D, I, L, R, X, l{I}, raw_NA, sC, sD, sF, sI, sL, sR, sX]",1
"[l{X}, l{?}]",1
"[language, l{?}, l{language}, l{l{?}}, sN]",1
"[l{?}, l{C}, l{D}, l{l{?}}, l{sN}, sC, sL, sN]",2
"[sD, M{I}, I, sN, error]",1
"[sD, M{D}, D, M{I}]",3
"[M{D}, error, sD]",6
"[D, M{D}, sD, sS]",5
"[l{C}, l{sN}, sC, sN]",1
"[C, D, missing]",1
"[C, D, I]",80
"[l{l{?}}, unevaled]",2
"[l{Y}, sC]",1
"[D, I, L, M{L}, missing]",1
"[M{R}]",54
"[l{l{?}}]",2992
"[D, I, L, missing]",2
"[externalptr, l{?}, l{l{?}}]",3
"[C, l{D}]",1
"[sD, M{D}, M{I}]",1
"[l{?}, l{C}, l{l{?}}, l{sF}]",2
"[sC, sD, C, D, sI, I, raw_NA]",1
"[C, D, I, L, M{C}, M{D}, data.frame, l{?}, l{C}, l{D}, l{I}, l{Y}, l{language}, l{l{?}}, l{sN}, raw_NA, sC, sD, sF, sI, sL, sN]",1
"[C, D, I, sN]",1
"[D, l{?}, sN]",2
"[l{?}, l{sF}, sN]",1
"[I, l{D}]",4
"[error, sE, sS]",1
"[l{C}, l{L}]",1
"[l{?}, l{C}, l{D}, l{I}, l{L}, l{language}, l{l{?}}]",1
"[C, M{C}, raw_NA, sC]",1
"[data.frame, l{?}, l{l{?}}]",2
"[sC, sF, error, data.frame, l{?}]",1
"[sD, D, sL, sN, L]",1
"[C, D, L]",2
"[sD, C, D, I, L, data.frame, l{l{?}}, pairlist]",1
"[I, l{?}, l{C}, l{l{?}}, sC]",1
"[D, I, l{?}, l{sN}, sD, sI, sN]",1
"[C, I, data.frame]",2
"[l{I}, D, I, l{D}]",1
"[D, I, M{D}, M{I}, sD, sI]",4
"[l{D}, unevaled]",12
"[D, I, M{D}, sD, sN]",1
"[l{I}, D, I]",1
"[M{C}, M{I}]",9
"[sD, M{D}, D, sL, language, M{L}, L, error]",1
"[l{C}, l{l{?}}, sF, sN]",1
"[Y, expression, language, sF]",1
"[D, I, M{D}, sC, sD, sL, sN]",2
"[D, I, M{C}, M{D}]",1
"[C, D, R]",9
"[l{sF}, l{language}, l{l{?}}, l{?}]",1
"[l{I}, l{L}, l{language}, l{R}, l{sN}, l{D}, l{C}, l{l{?}}, l{?}]",1
"[M{D}, C, D, M{I}, I, M{C}]",1
"[D, X, unevaled]",1
"[sC, sD, sN, l{C}, l{?}]",1
"[M{C}, l{C}]",2
"[sC, l{Y}, sD, sN]",1
"[l{?}, l{D}, missing]",3
"[I, l{?}, l{C}, l{l{?}}, sI]",1
"[l{?}, l{sF}]",32
"[sC, l{I}, C]",1
"[C, D, L, raw_NA, sC, sL]",1
"[D, M{D}, R]",2
"[sI, sL, I, L]",1
"[D, I, M{D}, M{I}, sD, sL]",1
"[sC, C, D, l{sS}, sI, I, L]",1
"[l{?}, l{D}, l{Y}]",2
"[M{C}, M{D}, data.frame, sS]",1
"[D, l{D}, sD]",7
"[language, sC, sN]",5
"[C, l{I}, sC]",1
"[C, D, I, sS]",1
"[C, I, l{C}, sC, sD]",1
"[l{?}, l{C}, l{I}, l{sN}]",1
"[C, M{C}, M{D}, M{I}]",1
"[M{D}, l{l{?}}, sN]",1
"[language, l{?}, l{l{?}}, sC]",2
"[C, I, sI, sS]",3
"[l{I}, C, D, I, l{D}, sN, l{C}, l{?}]",1
"[C, D, I, l{?}, l{C}, l{language}, sC, sD]",1
"[M{C}, M{D}, M{I}, M{L}, sD]",1
"[D, I, L, M{C}, M{D}, data.frame, l{?}, l{D}, sC, sD, sE, sF]",2
"[D, L, sC, sD, sI, sL]",1
"[sS, l{?}]",5
"[C, D, I, L, l{?}, l{I}, sC, sD, sI, sL, sN]",1
"[sC, raw_NA]",3
"[sC, sD, sL, l{D}, sN]",1
"[D, M{D}, error]",7
"[M{C}, raw_NA]",1
"[l{L}, l{?}]",11
"[M{D}, M{I}, sI, M{C}]",2
"[data.frame, raw_NA, sD, sI, sL]",1
"[R, l{R}]",2
"[D, M{D}, error, missing]",2
"[M{D}, D, l{D}, data.frame]",1
"[C, M{C}, data.frame]",1
"[D, M{D}, raw_NA, sD]",1
"[sC, sD, D, I, raw_NA]",1
"[M{D}, l{D}]",90
"[M{D}, l{?}, l{l{?}}]",1
"[C, D, I, error, sC, sF, sN]",1
"[l{?}, l{C}, l{D}, l{l{?}}]",2
"[L, R]",1
"[M{D}, M{I}, missing, raw_NA, sC, sS]",1
"[D, M{D}, sD, sI]",4
"[raw_NA, sC, sN]",5
"[M{C}, M{D}, M{I}, data.frame, sC]",1
"[C, D, I, L, sD, sI]",4
"[sC, sD, C, D, I, sN, raw_NA]",1
"[l{D}]",5798
"[I, Y, language, pairlist, raw_NA, sC, sD, sF, sI, sL, sN]",1
"[l{?}, l{C}, l{L}, l{expression}, l{l{?}}, l{sN}, sE]",1
"[l{?}, l{L}, l{sN}]",1
"[D, I, L, sD, sI]",3
"[M{D}, error, sS]",1
"[I, sC, sI, sN]",1
"[raw_NA, sD, sI, sR]",1
"[M{I}]",684
"[sC, sD, D]",2
"[sC, sD, sI, I]",1
"[M{D}, M{I}, data.frame, l{D}, sS]",1
"[D, M{D}, sD, sF]",1
"[sC, l{C}, data.frame, l{?}]",1
"[l{C}, l{D}, l{l{?}}]",2
"[sD, D, I, sN]",1
"[sF, sI, sN]",5
"[sX, raw_NA]",1
"[language, raw_NA, sF, sN]",1
"[C, D, I, M{C}, M{D}, sD]",1
"[C, D, I, M{C}, M{D}, M{I}, M{L}, data.frame, raw_NA, sC, sD, sI, sS, unevaled]",1
"[C, missing, sC, sN]",1
"[arg17_t]",1
"[D, error, l{?}, missing]",1
"[sC, sD, C]",2
"[D, I, M{D}, data.frame, l{?}, sC, sD, sI, sL]",2
"[D, I, M{D}, M{I}, data.frame, sI]",1
"[M{D}, unevaled]",27
"[D, I, L, M{D}, l{D}, missing, raw_NA, sD, sI, sN, sS, unevaled]",1
"[I, R, sD, sR]",2
"[C, D, I, L, M{C}, M{D}, M{I}, M{L}, data.frame, expression, externalptr, language, l{?}, l{C}, l{D}, l{I}, l{L}, l{Y}, l{externalptr}, l{language}, l{l{?}}, l{sS}, pairlist, sC, sD, sF, sI, sL, sN, sS]",1
"[D, error]",187
"[C, language, sN]",1
"[sD, M{D}, D, I]",3
"[C, I, M{I}, sC]",2
"[l{I}, l{D}]",32
"[error, l{?}, sC]",1
"[C, missing, sC, sL]",1
"[l{I}, l{sN}, I, data.frame, l{?}]",1
"[D, M{D}, data.frame, sD]",2
"[sD, sF, sL, raw_NA, l{?}]",1
"[sC, l{D}]",2
"[C, l{?}, l{C}, l{sF}]",1
"[D, M{D}, M{X}]",2
"[raw_NA, sC, sI, sL, sN]",1
"[I, l{?}, unevaled]",1
"[sS, sC, sD, sE, D, sI, sL, language, error, raw_NA, l{?}]",1
"[l{?}, l{l{?}}, l{sN}]",3
"[D, l{D}, l{language}]",1
"[error, l{D}]",17
"[D, M{D}, data.frame, sC]",1
"[D, l{C}]",4
"[M{X}, sN]",2
"[D, M{C}, M{D}, raw_NA, sD, sF]",1
"[sD, D, sL, sN, L, l{?}]",1
"[C, D, I, error, language, l{?}, l{I}, missing, raw_NA, sC, sD, sI, sL, sN]",1
"[missing, sC, sN]",1
"[sI, I]",244
"[l{R}, l{l{?}}]",1
"[l{?}, missing]",37
"[C, M{D}, D]",1
"[D, M{D}, l{?}, sC, sD]",1
"[l{I}, R, C, D, X, I, L]",1
"[D, I, M{D}, M{I}, data.frame, sN]",1
"[C, language, l{?}, l{I}, l{sS}, raw_NA, sC, sE, sI, sS]",1
"[sS, M{D}, D, data.frame]",2
"[M{D}, l{D}, sN, sS]",1
"[sN, M{C}]",3
"[I, l{?}, l{language}, sC, sI]",1
"[sF, language, sN, error]",1
"[R, M{R}, sR]",1
"[I, L, sL]",2
"[Y, language, sD, sF]",4
"[sC, C, sF]",2
"[C, D, I, L, l{?}, l{language}, sC, sD, sI, sL]",1
"[l{language}, l{C}, data.frame, l{?}]",1
"[I, l{C}, l{I}, l{l{?}}]",1
"[D, I, L, M{D}, sD]",1
"[M{C}, M{R}]",3
"[l{?}, l{L}, l{Y}, l{language}, l{sN}]",1
"[D, I, sD, sI, sN]",12
"[C, I, sC, sD, sI, sN]",3
"[missing, sC, sL]",1
"[D, sC, sD, sF, sL]",1
"[C, D, I, L, l{D}, l{I}, l{sF}, sC, sD, sI]",1
"[sN, l{C}, l{?}]",1
"[error, sC, sI, sN, sX]",1
"[C, data.frame, l{C}]",1
"[language, missing, sF]",1
"[sC, sD, sF, sS]",1
"[D, I, M{D}, l{?}, l{D}, raw_NA, sD, sN]",1
"[C, I, l{l{?}}]",1
"[missing, sC, sI]",3
"[C, M{C}, sC]",9
"[M{I}, missing, sS]",1
"[l{C}, l{sS}]",3
"[l{I}, M{I}]",4
"[sC, C, sI, I, raw_NA, L]",1
"[sN, l{l{?}}]",50
"[D, M{D}, sD, sN]",7
"[M{D}, D, M{I}, I]",9
"[l{sF}, missing, sC]",1
"[C, missing, sC, sF]",2
"[sS, M{D}, C, D, l{sS}, M{I}, I, M{C}, l{l{?}}, sC, l{I}, l{L}, sI, sL, l{D}, l{C}, M{L}, sN, data.frame, l{?}]",1
"[C, data.frame, sN]",1
"[sD, D, data.frame, l{?}]",1
"[C, D, I, l{l{?}}]",1
"[I, M{D}, M{I}, M{L}, data.frame, sD, sS, unevaled]",1
"[D, I, data.frame, l{?}, sD, sL]",1
"[language, l{?}, l{language}, sN]",1
"[D, M{D}, data.frame]",51
"[raw_NA, sC, sD]",9
"[L, sD, sL]",2
"[l{I}, l{D}, l{C}, l{l{?}}]",2
"[sD, data.frame]",14
"[C, sD, sI]",5
"[error, l{?}, sF]",2
"[D, sD, unevaled]",6
"[D, L, M{D}]",2
"[Y, language, l{?}, sD, sF, sN]",1
"[sD, D, l{D}, l{?}]",2
"[sC, sD, sL, l{C}, sN, raw_NA]",1
"[C, M{C}, sC, sD, sI]",2
"[C, D, I, M{I}, data.frame, l{?}, sF]",1
"[M{D}, C, M{I}, I]",1
"[sS, sD, M{D}, D]",1
"[sD, M{D}, D, M{I}, I, sN, data.frame]",1
"[C, sD, sN]",6
"[D, M{D}, M{L}, missing, sD]",1
"[D, l{?}, l{C}, l{l{?}}, sD, sE]",1
"[D, I, L, sD, sN]",1
"[l{D}, l{C}, l{l{?}}]",2
"[l{sF}, l{L}, l{sN}, l{C}, l{?}]",1
"[M{D}, M{I}, I]",2
"[sC, C, sI]",4
"[D, I, M{C}, M{D}, M{I}, sC, sD]",1
"[C, D, I, raw_NA, sD, sI]",1
"[D, I, sD, sS, sX]",1
"[D, missing, sF]",1
"[error, l{D}, sF]",1
"[l{I}, M{D}, D, l{D}, data.frame, l{l{?}}]",1
"[sD, R, D, sI, I, sR]",1
"[C, D, I, sF, sI, sS]",2
"[sC, sD, C, D, I]",3
"[D, missing, sC]",2
"[I, M{D}, M{I}, raw_NA, sD]",1
"[l{D}, l{l{?}}]",36
"[sC, D, data.frame]",1
"[R, error, l{?}, l{l{?}}, sC]",1
"[l{I}, I, data.frame]",1
"[sE, C]",1
"[raw_NA, sC, sD, sI, sN, sR]",23
"[C, language, sC]",3
"[D, M{D}, sD, sN, sS]",1
"[l{?}, l{sN}]",18
"[sC, sD, sF, sN]",1
"[l{language}, l{D}, l{?}]",6
"[missing, sC, sF]",9
"[D, L, sS]",1
"[error, l{?}, l{C}, l{I}, sF, sN]",1
"[language, missing, sC]",2
"[sC, l{I}, sD, M{D}, C, D, sI, I, l{D}]",1
"[sC, sD, sF, D, sI, I, sL]",1
"[D, missing, sD]",50
"[C, I, L, M{I}, data.frame, l{?}, l{I}, l{l{?}}, sC, sD, sI, sL]",1
"[l{?}, l{D}, l{I}, l{sN}]",2
"[l{D}, sC, sD]",1
"[M{D}, data.frame]",286
"[language, l{?}, l{language}]",1
"[C, data.frame, sD]",1
"[D, M{C}, M{D}, data.frame, l{C}, l{D}, l{I}, raw_NA, sS]",1
"[Y, missing, sF]",2
"[l{?}, l{C}, l{L}, sN]",2
"[l{?}, l{language}, l{sF}]",1
"[l{I}, C, M{D}, D, sI, I]",1
"[C, D, I, sC, sI]",2
"[l{I}, M{D}, data.frame, l{l{?}}]",1
"[I, l{D}, l{?}]",1
"[C, D, I, raw_NA, sC, sD, sI]",1
"[sC, sD, sI, Y, language, error]",1
"[D, raw_NA]",60
"[C, D, I, L, M{C}, M{D}, M{I}, R, X, Y, data.frame, expression, externalptr, language, l{?}, l{C}, l{D}, pairlist, raw_NA, sC, sD, sE, sF, sI, sL, sN, sR, sX]",1
"[D, I, l{?}, sC, sN]",1
"[D, M{I}, sN]",2
"[sD, D, I, sL, l{D}]",1
"[C, D, I, L, l{l{?}}, sI]",1
"[Y, language, sD, sN]",1
"[C, D, l{?}]",1
"[D, I, R]",2
"[l{?}, l{C}, l{D}, l{I}, l{L}]",5
"[C, D, I, L, M{L}, Y, data.frame, error, missing, sI, sL]",1
"[l{D}, missing, sF]",3
"[C, D, I, L, data.frame, l{?}, l{C}, l{D}, l{I}, sC, sD, sF, sI, sL, sN]",1
"[missing, sD, sF, sI]",1
"[I, data.frame, l{?}, l{I}, sF]",1
"[l{language}, sF, sN]",1
"[D, I, error, sI]",1
"[sE, l{sE}, l{C}, l{l{?}}, l{?}]",1
"[Y, language, l{?}, l{D}, l{Y}, pairlist, sD, sE, sL, sN]",1
"[sC, C, sF, D, sI, I, error, L]",1
"[C, D, l{l{?}}, sC, sD]",1
"[C, D, L, sN]",1
"[I, M{I}, l{?}]",1
"[M{X}, sC]",1
"[language, raw_NA, sC, sF]",1
"[D, R, sI, sR]",1
"[sD, M{X}, X]",1
"[C, I, Y, data.frame, language, l{?}, l{C}, l{D}, l{I}, l{language}, l{l{?}}, l{sF}, sC, sE, sF, sI]",1
"[sC, sD, C, D, L]",1
"[D, M{D}, M{L}, sD]",2
"[data.frame, l{?}, l{D}, l{sF}, sE, sN]",1
"[l{?}, l{l{?}}, sC]",1
"[C, I, l{C}, missing, sC]",1
"[sC, sE, sN, l{l{?}}]",1
"[D, I, error, sC]",1
"[D, I, missing]",11
"[M{D}, data.frame, error]",2
"[l{I}, l{X}, l{sN}, l{l{?}}, l{?}]",1
"[D, l{D}, raw_NA, sD]",1
"[D, I, M{D}, data.frame, unevaled]",1
"[l{?}, l{C}, l{l{?}}, sC]",7
"[C, D, I, M{I}, data.frame, l{?}, sN]",1
"[D, R, sD, sI, sR]",1
"[sL, sN]",108
"[Y, language, sD, sI]",2
"[l{?}, l{l{?}}, sD]",1
"[M{D}, M{C}]",17
"[sC, sD, D, sI]",3
"[M{X}, l{D}, l{?}]",1
"[C, D, I, L, raw_NA, sC, sD, sI]",3
"[l{D}, missing, sE]",1
"[M{I}, sD]",4
"[D, I, error, sD]",2
"[C, I, L, missing, sD, sI]",1
"[D, data.frame, l{?}]",1
"[D, missing, sN]",4
"[I, sD, sI, sS]",1
"[l{I}, M{D}, D, M{I}, I, sN]",1
"[l{D}, raw_NA]",2
"[C, D, I, sC, sN]",1
"[l{I}, l{l{?}}, l{?}]",5
"[sL, l{?}]",3
"[C, D, I, raw_NA, sC, sD, sN]",2
"[M{I}, l{C}, sC]",1
"[l{l{?}}, missing, sD]",1
"[sC, sD, D, sL]",1
"[C, D, I, R]",1
"[C, D, data.frame, l{l{?}}]",1
"[sD, sL, l{?}]",2
"[D, sC, sD, sI]",3
"[sC, sD, C, sL, sN]",1
"[l{I}, M{I}, I]",2
"[C, l{?}, l{l{?}}, sF, sN]",1
"[D, M{D}, data.frame, sS]",1
"[l{?}, l{l{?}}, sF]",4
"[D, raw_NA, sC, sD]",2
"[D, M{D}, sF]",8
"[C, l{?}, l{l{?}}]",3
"[C, D, sN, L]",1
"[C, data.frame, sC]",2
"[I, L, missing]",4
"[C, l{?}, l{C}, l{D}, l{l{?}}, l{sN}, sC, sD, sI, sL, sN]",3
"[sC, l{C}, l{l{?}}]",1
"[D, I, error, sF]",1
"[I, l{C}]",1
"[data.frame, l{?}, l{l{?}}, sE]",1
"[error, expression, sD]",1
"[C, I, missing, sI]",1
"[C, sI, l{sN}, sN, error, data.frame]",1
"[l{I}, M{I}, sI, I, data.frame, l{?}]",1
"[language, raw_NA]",3
"[Y, language, raw_NA, sC, sD, sI, sL]",1
"[C, sC, sD, sN]",1
"[D, l{D}, l{l{?}}, sD]",1
"[C, D, I, language, L, sC, l{I}, sD, l{language}, sL, l{D}, sN, l{C}, l{?}]",1
"[l{?}, l{C}, l{sN}, sC]",1
"[Y, language, l{?}]",2
"[C, I, sC, sE, sF, sI, sN]",1
"[M{D}, M{I}, data.frame, error]",1
"[l{?}, l{C}, l{l{?}}, sN]",3
"[M{D}, sF]",60
"[sS, C, M{D}, D, M{I}, I, language, M{C}, error, L, l{l{?}}, sC, sD, sF, sI, sL, l{D}, sN, l{C}, M{L}, data.frame, pairlist, l{?}]",1
"[data.frame, l{?}, l{C}]",1
"[D, M{D}, R, sD, sR]",2
"[data.frame, l{?}, l{C}, l{D}, l{I}, l{L}, l{l{?}}]",2
"[L, l{?}]",3
"[Y, language, sC, sD, sI, sL, sN]",2
"[l{I}, M{I}, M{C}]",2
"[sC, sD, l{L}, sF, C, sI, sL, I, sN, l{?}]",1
"[l{I}, I, l{?}]",1
"[D, I, l{?}, raw_NA, sC, sD, sI, sN]",1
"[C, sC, sD, sF, sI]",1
"[sC, sD, C, D, l{sN}]",1
"[I, R, sC, sD, sI, sR]",2
"[l{I}, C, D, l{l{?}}]",1
"[M{D}, sC]",5
"[sC, l{L}, sN, l{C}, l{?}]",1
"[I, l{I}, sD, sE, sF, sL, sN]",1
"[D, sC, sD, sN]",7
"[C, sI, I]",2
"[D, M{D}, sS]",7
"[D, M{D}, l{?}, l{D}, sL]",1
"[C, D, I, sC, sS]",1
"[C, I, M{I}]",1
"[l{language}]",159
"[sD, M{D}, M{I}, sI, I, sN, data.frame]",1
"[l{?}, l{C}, l{sF}]",2
"[M{D}, sD]",270
"[C, D, I, L, M{D}, data.frame, l{D}, raw_NA, sC, sD, sN]",1
"[sS, sE, sN]",1
"[sD, D, l{D}, sN, pairlist, l{?}]",1
"[sC, sD, sF, sL, I, sN, error, data.frame, l{l{?}}, l{?}]",1
"[l{l{?}}, l{?}, l{externalptr}]",3
"[D, M{D}, data.frame, sN]",1
"[sC, sD, l{l{?}}, l{?}]",1
"[C, I, missing, sD]",1
"[Y, sD]",1
"[C, l{?}, raw_NA, sC, sD, sL, sN]",1
"[D, I, L, missing, sD, sI]",2
"[M{D}, M{I}, l{?}]",2
"[C, error, sN]",7
"[C, D, I, L]",9
"[C, sC, sD, sI]",1
"[sD, D, I, data.frame]",1
"[C, D, M{I}, I, error, sC, sD, l{I}, sE, sI, l{C}, data.frame, pairlist, l{?}]",1
"[l{?}, l{l{?}}, raw_NA]",1
"[pairlist]",161
"[M{D}, error, missing]",6
"[C, sC, sD, sF, sL]",1
"[D, I, L, R, sD, sI, sL, sR]",1
"[Y, sC]",21
"[l{D}, missing, sN]",1
"[sC, sD, sL, sN, l{C}]",1
"[l{sF}, I, l{?}]",1
"[l{language}, l{C}, l{l{?}}]",1
"[sD, I, raw_NA]",1
"[l{?}, l{D}, l{I}]",37
"[l{l{?}}, sC, sE, sN]",1
"[M{I}, l{D}]",1
"[C, M{D}, D, l{C}, M{C}, l{l{?}}, l{?}]",1
"[D, I, M{D}, missing]",2
"[Y, sF]",2
"[C, D, I, L, error, l{?}, l{D}, l{I}, l{Y}, l{language}, l{sN}, missing, sC, sD, sI, sN]",1
"[C, sC, sD, sF, sN]",1
"[D, L, error, sF]",1
"[externalptr, l{sN}, l{externalptr}]",1
"[M{D}, M{I}, R, sR]",1
"[l{?}, l{D}, l{language}]",2
"[sS, M{D}, D, l{sS}, data.frame]",1
"[M{D}, error, sN, sS]",1
"[D, language, missing, sN]",2
"[sD, M{I}]",1
"[D, sC, sD]",23
"[D, M{D}, sN]",45
"[C, D, I, data.frame, sI, sS]",1
"[l{I}, l{sN}]",5
"[sC, l{C}, l{l{?}}, l{?}]",4
"[D, l{D}]",58
"[raw_NA, sD, sX]",1
"[data.frame, unevaled]",64
"[sC, D, I]",1
"[sC, C, sN, data.frame, l{l{?}}]",1
"[M{D}, sD, sF, sS, sX]",1
"[sC, sD, C, D, sI, I, sL, L]",6
"[l{?}, sD, sI, sN]",2
"[sS, l{Y}, C, D, I, language, error, sD, sF, sI, sL, l{D}, data.frame, l{?}]",1
"[sC, C, sL, sN]",1
"[M{D}, C, I]",1
"[sF, sS, unevaled]",1
"[l{expression}, sC]",1
"[D, I, data.frame, l{?}, l{D}, l{I}, l{l{?}}, sD, sN]",1
"[missing, unevaled]",2
"[I, M{D}, M{I}, sN]",2
"[D, M{X}]",1
"[I, L, l{C}]",1
"[Y, sC, sF]",2
"[C, D, sC, sI]",1
"[D, L, M{C}, M{D}, M{I}, M{L}, M{R}, data.frame, raw_NA, sS, unevaled]",1
"[l{?}, l{I}, l{l{?}}, sI]",7
"[C, data.frame]",19
"[l{sF}, l{I}, l{Y}, l{L}, l{language}, l{sN}, l{D}, l{C}, l{l{?}}, l{?}]",1
"[M{D}, sN]",387
"[sI, I, sL, L]",1
"[C, D, I, sC]",15
"[C, I, data.frame, l{?}, sD]",1
"[sD, sF, l{?}]",2
"[M{D}, M{C}, raw_NA]",1
"[l{?}, l{l{?}}, raw_NA, sC, sD, sN]",2
"[C, l{?}, l{C}, l{sN}, sC, sF, sN]",1
"[D, error, l{D}]",1
"[l{I}, l{Y}, l{language}, l{L}, l{sE}, l{sN}, l{D}, l{C}, l{l{?}}, l{?}]",1
"[D, I, R, raw_NA, sC, sD, sI, sN, sR]",1
"[M{D}, M{I}, M{X}]",4
"[error, sS]",26
"[data.frame, l{?}, l{C}, l{D}, l{I}, l{L}]",1
"[M{I}, sN]",15
"[sD, R, C, D, X, I, L]",1
"[D, l{C}, l{?}]",1
"[Y, l{Y}]",1
"[Y, sC, sD]",1
"[C, D, I, sD]",10
"[error, l{l{?}}, sN]",1
"[l{D}, raw_NA, sD]",3
"[data.frame, sF, unevaled]",36
"[M{D}, sL]",6
"[l{language}, sN, l{?}]",1
"[sF, sN, unevaled]",2
"[D, X, l{?}, l{l{?}}, sD]",2
"[C, D, I, sI]",2
"[M{D}, sI]",2
"[l{C}, missing]",6
"[D, I, M{D}, M{I}, sD, sS]",1
"[sC, C, l{l{?}}]",2
"[sC, sD, raw_NA]",3
"[l{?}, l{l{?}}, sS]",18
"[l{?}, l{C}, l{D}, l{I}, l{X}, l{l{?}}, l{sN}]",1
"[l{L}, l{C}, l{?}]",1
"[arg7_t]",1
"[data.frame]",6938
"[M{I}, sS]",4
"[D, I, M{D}, M{I}, data.frame, l{I}]",2
"[D, M{D}, sC, sD]",1
"[L, error, sN]",1
"[I, l{?}, sD, sN]",1
"[D, sC, sN]",7
"[error, l{?}, l{D}]",4
"[D, I, L, data.frame]",1
"[sC, sD, sI, sL, sN]",1
"[C, D, I, M{D}, M{I}, data.frame, missing, sC, sD, sL]",1
"[Y, sN]",2
"[C, D, sC, sD]",9
"[sD, M{D}, sX]",1
"[D, M{D}, language, sD]",1
"[M{D}, l{?}, l{D}, missing]",1
"[sS, M{D}, M{I}, M{L}, M{C}, data.frame]",1
"[l{?}, sD, sI]",4
"[sF, I, l{?}]",1
"[Y, error, language, l{C}, sC, sD, sE, sN]",1
"[M{D}, M{L}]",19
"[I, M{I}]",26
"[C, D, I, M{C}, M{D}, data.frame, l{?}, l{C}, l{I}, sC, sD, sI, sN, sS]",1
"[l{?}, l{C}, l{D}, l{I}, l{L}, l{l{?}}, l{sF}, l{sN}, sC]",1
"[l{sF}, l{I}, sF, D, sN, M{C}, error, data.frame, l{?}]",1
"[l{sF}, sC, sD, sI, sN, l{?}]",1
"[M{D}, sF, sN]",6
"[D, l{D}, l{l{?}}]",1
"[D, M{D}, data.frame, l{D}]",1
"[l{D}, error, data.frame, l{?}]",1
"[sC, l{C}]",5
"[R, l{R}, sR]",1
"[sS, l{D}, l{?}]",1
"[D, M{D}, missing, sD]",7
"[Y, sC, sD, sL, sN]",1
"[l{sS}]",138
"[M{D}, D, l{?}]",5
"[l{?}, pairlist]",1
"[error, sN]",49
"[, l{?}]",1
"[promise]",1
"[I, missing, sC, sD]",1
"[I, sD, sI, sN]",8
"[sN, l{externalptr}]",1
"[D, missing]",178
"[I, M{I}, sD, sI]",1
"[I, language, data.frame, l{l{?}}, l{?}]",2
"[l{I}, l{L}, l{D}, l{C}, l{?}]",5
"[l{sS}, l{l{?}}]",1
"[sS, sC, sD, M{D}, C, D, M{I}, sI, I, sN, M{C}, data.frame]",1
"[D, I, L]",17
"[sD, M{D}, sI]",3
"[L, data.frame, sL]",1
"[sD, raw_NA]",23
"[sF, I, data.frame, l{?}]",2
"[D, M{D}, sD]",125
"[C, D, L, sF]",1
"[C, D, I, sI, sS]",1
"[sN, unevaled]",9
"[l{sF}, l{Y}, l{I}, l{language}, l{sN}, l{C}, l{l{?}}, l{?}]",1
"[data.frame, l{l{?}}]",37
"[D, I, raw_NA, sC, sD]",2
"[sC, R, sI]",1
"[I, language, l{language}]",1
"[C, error, sC]",33
"[error, sL]",116
"[sN, l{l{?}}, l{?}]",3
"[sC, sD, C, D, I, l{C}, M{C}, data.frame, l{?}]",1
"[sS, sC, C, D, sI, I, L]",1
"[l{?}, l{C}, l{I}, l{l{?}}, l{sN}]",2
"[M{D}, C, sF, D, M{I}, I, l{D}, data.frame, l{?}]",1
"[M{I}, sE]",1
"[error, sD, sI, sN]",1
"[sF, sI, I, sN]",1
"[sF, l{?}]",2
"[C, D, I, L, sD, sI, sL, sS]",2
"[D, I, M{D}, M{I}, M{L}, missing, sD]",1
"[M{D}, sS]",55
"[D, I, l{D}]",2
"[M{I}, sN, error]",1
"[sC, unevaled]",15
"[error, sI]",42
"[sC, sD, M{D}, D, sI, M{I}, I, M{L}, M{C}]",1
"[D, I, R, sD, sI, sR]",2
"[C, I, L, raw_NA, sD, sL, sN]",2
"[error, l{l{?}}]",7
"[M{D}, sI, I, error]",1
"[sC, sD, sN]",46
"[M{I}, sF]",1
"[l{?}, l{L}, l{l{?}}]",1
"[arg14_t]",1
"[D, M{D}, missing, sD, sN, sS]",1
"[l{I}, sD, D, I, l{?}]",1
"[l{?}, l{C}, l{D}, l{I}, l{L}, l{R}, l{l{?}}]",1
"[raw_NA, sD, sR]",1
"[sL, I, L]",1
"[C, D, I, sC, sD]",9
"[C, D, I, sD, sI, sN]",1
"[M{D}, C, D, M{I}, I, M{C}, l{l{?}}, l{sF}, l{I}, l{sE}, l{D}, data.frame, l{?}]",1
"[C, D, sC, sN]",1
"[sC, sD, sL]",12
"[data.frame, l{?}]",63
"[D, M{D}, l{?}, l{D}]",6
"[D, M{C}, M{D}, M{I}, M{L}]",2
"[sD, C, l{l{?}}, l{?}]",1
"[l{L}, D, l{D}, l{l{?}}]",1
"[C, D, l{?}, sC, sN]",1
"[sC, C, M{C}]",13
"[l{expression}]",9
"[D, language, l{?}, l{D}, l{language}]",1
"[M{D}, C, D, M{I}, I, sC, l{sF}, l{I}, sD, sI, sL, l{D}, l{C}, raw_NA, data.frame, l{?}]",1
"[sD, M{D}, M{I}, M{C}]",2
"[sD, M{D}, sN]",1
"[l{?}, l{C}, l{sN}, sN]",3
"[D, sL, raw_NA, L]",2
"[raw_NA, sD, sL]",2
"[sC, l{Y}, sE, sF, C, sI, I, sL, sN, l{C}]",1
"[I, language, l{language}, sD, sL]",1
"[L, error, raw_NA, sL]",1
"[M{I}, sI]",12
"[D, M{D}, M{I}, error]",1
"[C, l{?}, l{sF}]",3
"[l{sN}, l{C}, l{l{?}}, l{?}]",2
"[l{?}, l{C}, l{D}, l{I}, sN]",1
"[error, sE]",10
"[Y, error, language, l{C}, sC, sD, sE, sF]",2
"[C, D, error]",1
"[D, I, M{D}, data.frame, l{?}, l{D}, l{I}, sI, sS]",1
"[sC, C, l{sN}, sN, l{C}, l{l{?}}, l{?}]",1
"[sS, M{D}, M{C}, raw_NA, data.frame]",1
"[error, l{?}, l{C}, l{D}]",1
"[C, I, error, sI]",1
"[sE, sF, sN]",2
"[L, raw_NA, sL]",8
"[error, sF]",26
"[sC, sD, sI]",41
"[sC, sD, C, sI, sL, sN, l{?}]",1
"[l{?}, l{l{?}}, sN]",10
"[raw_NA, sD, sN]",4
"[D, I, error, sN]",1
"[l{I}, l{L}, l{?}]",1
"[data.frame, sN]",125
"[R, sC, sF]",1
"[l{L}, l{C}, l{l{?}}, l{?}]",1
"[I, M{I}, data.frame, externalptr, l{?}, l{l{?}}]",1
"[sC, sD, C, D, sI, I, sL, sN, error, M{C}]",1
"[C, D, I, raw_NA, sC, sD]",2
"[C, D, I, L, Y, data.frame, l{?}, l{C}, l{D}, l{I}, l{L}, l{Y}, l{language}, l{l{?}}, l{sF}, l{sN}, raw_NA, sC, sD, sI, sN]",1
"[l{?}, l{D}, l{I}, missing]",1
"[arg11_t]",1
"[D, I, missing, sD]",3
"[I, M{D}]",35
"[data.frame, l{I}, l{l{?}}]",1
"[M{D}, M{L}, data.frame, missing, sS]",1
"[sC, l{I}, M{D}, C, D, sI, I, sL, l{D}, data.frame, l{l{?}}, l{?}]",1
"[D, M{D}, M{I}, data.frame, l{D}]",1
"[I, sL]",2
"[M{D}, D, l{D}]",10
"[D, M{D}, data.frame, l{?}, l{D}, sS]",1
"[D, M{D}, M{I}, M{L}, sD, sS]",1
"[C, D, sC]",12
"[missing, sD, sN]",5
"[sC, M{C}]",10
"[l{D}, l{C}]",19
"[data.frame, sL]",2
"[l{?}, raw_NA, sD, sF]",2
"[l{I}, l{C}, l{?}]",1
"[C, I, Y, data.frame, language, l{?}, l{C}, l{D}, l{I}, l{language}, l{l{?}}, l{sF}, sC, sD, sE, sF, sI, sN]",1
"[D, error, language, sC, sD, sF]",1
"[sC, sD, sF]",3
"[D, I, missing, sF]",1
"[C, D, sD]",5
"[C, D, I, sD, sI, sN, sS]",1
"[C, l{C}, l{I}]",1
"[I, M{I}, sI]",3
"[l{?}, l{l{?}}, raw_NA, sC, sN]",1
"[l{I}, l{L}, l{sN}, l{D}, l{C}, sN, l{l{?}}, l{?}]",1
"[I, R]",3
"[D, I, M{D}, l{?}, l{D}, l{l{?}}, sC, sD, sF, sI, sN]",1
"[l{sF}, l{I}, l{L}, l{X}, l{sN}, l{D}, l{C}, l{l{?}}, l{?}]",1
"[l{?}, l{sE}, sE]",2
"[arg4_t]",1
"[C, D, l{?}, sD]",1
"[M{C}, data.frame, raw_NA]",1
"[I, sI]",314
"[l{?}, l{D}, l{sN}]",4
"[sC, C, D, I]",6
"[sD, sI, unevaled]",1
"[C, D, l{?}, sC]",1
"[D, l{D}, raw_NA, sD, sN]",1
"[M{C}, M{D}, M{I}, M{L}, sC, sD]",1
"[M{D}, D, I, sN]",1
"[M{D}, M{I}, sD, sI]",2
"[missing, sD, sI]",11
"[l{?}, l{I}, sF, unevaled]",1
"[C, M{D}, D, I, L, l{l{?}}, sC, sD, sI, sL, l{D}, l{C}, raw_NA, l{?}]",1
"[sD, unevaled]",43
"[C, M{D}, D, M{I}, I]",1
"[data.frame, sS]",14
"[sE, M{I}]",1
"[C, l{?}, l{C}, l{D}, sC, sN]",1
"[l{I}, l{l{?}}]",13
"[D, L, raw_NA, sL]",1
"[C, I, l{?}, l{D}, l{Y}, l{language}, l{sF}, sC, sI]",1
"[M{I}, error]",5
"[I, M{I}, data.frame]",2
"[l{?}, l{I}]",47
"[l{?}, missing, sN]",1
"[C, M{D}, D, M{I}, I, L, M{C}]",1
"[C, M{D}, D, M{I}, M{C}, data.frame]",1
"[C, error, sC, sN]",1
"[sD, C, D, I, L]",3
"[l{language}, l{D}, l{C}, l{?}]",2
"[sD, M{D}, C, D, M{I}, I, M{C}, L, data.frame, l{?}]",1
"[sC, l{sN}, l{C}, l{?}]",1
"[D, I, sS]",2
"[I, sF]",17
"[M{D}, D, data.frame]",10
"[sC, C, l{C}, M{C}]",1
"[sD, M{D}, D, I, M{C}]",1
"[D, X, sD, sX]",4
"[D, M{I}, M{L}]",1
"[C, D, I, L, M{C}, M{D}, data.frame, language, l{?}, l{C}, l{D}, l{language}, l{l{?}}, raw_NA, sC, sD, sF, sI, sL, sN, sS]",1
"[C, D, I, data.frame]",5
"[C, l{?}, sC, sD, sN]",1
"[D, M{D}, missing]",10
"[D, I, l{l{?}}, sN]",1
"[sC, C, l{D}]",1
"[error, l{?}, l{C}, l{externalptr}, l{l{?}}]",1
"[C, l{?}, l{sN}, sC, sN]",1
"[data.frame, sF]",30
"[l{I}, I, sN]",1
"[C, sL, I]",1
"[C, l{?}, l{l{?}}, sC, sN]",1
"[D, I, error]",14
"[l{language}, language, sN]",1
"[data.frame, l{I}]",8
"[D, missing, raw_NA, sN]",1
"[sC, sF, sS]",1
"[R, l{?}]",1
"[I, L]",23
"[l{L}, sF, sN]",1
"[D, I, error, sD, sI]",1
"[l{?}, unevaled]",14
"[sS, l{I}, sD, M{D}, l{sN}, data.frame, l{?}]",2
"[M{D}, D]",276
"[missing, sD, sF]",1
"[sS, D, data.frame]",1
"[l{I}, D, M{I}]",1
"[C, D, sL]",1
"[M{D}, missing]",73
"[sS, M{D}, C, D, I, M{C}, l{l{?}}, sC, l{I}, l{language}, l{D}, sN, data.frame, l{?}]",1
"[l{D}, missing]",20
"[sI, sR]",3
"[l{L}, l{D}, l{C}, l{?}]",1
"[l{?}, l{D}, l{l{?}}, sN]",1
"[data.frame, sD]",11
"[C, M{L}, sI]",2
"[C, l{?}, l{C}, l{D}, l{L}, l{expression}, l{language}, l{sN}]",1
"[C, l{l{?}}, sC, sD, sI]",1
"[D, l{D}, missing]",2
"[sD, sF, language, error]",1
"[D, I, L, sI]",1
"[sC, sD, C, D, sN, l{?}, l{externalptr}]",1
"[C, l{?}, l{C}, l{D}, sC]",1
"[D, I, M{I}, data.frame, l{?}, l{C}, l{D}, l{I}, l{L}, l{l{?}}, l{sN}, l{sS}, sI, unevaled]",1
"[sC, sD, sI, sL, l{?}]",1
"[data.frame, sE]",1
"[C, sL, L]",1
"[M{D}, C]",2
"[sI, sS]",1
"[I, sS]",7
"[l{?}, l{l{?}}, missing]",2
"[C, D, sN]",7
"[sC, l{language}]",1
"[C, D, missing, sD]",1
"[C, D, I, M{D}, data.frame, l{D}, sI, sN, sS]",1
"[l{Y}, l{sN}, l{D}, l{?}]",1
"[C, M{C}, l{?}, sC]",1
"[I, sR]",1
"[sI, sL]",12
"[D, data.frame, sD]",7
"[D, I, M{D}, M{I}, R, raw_NA, sC, sD, sI, sN, sR]",1
"[L, missing, sL]",2
"[R, sC, sI]",1
"[M{D}, D, sL, l{D}]",1
"[I, L, sC, sD, sL]",1
"[C, D, I, M{I}, X, l{I}, sD]",1
"[sS, l{I}, sF, M{D}, D, M{I}, I, l{D}, data.frame, l{l{?}}]",1
"[sD, data.frame, l{?}]",1
"[sF, C, I]",1
"[I, missing, sN]",2
"[data.frame, l{D}, missing]",2
"[D, data.frame, sC]",2
"[sS, sC, sD, M{D}, C, D, sI, I, l{D}, sN, data.frame]",1
"[data.frame, sN, sS]",1
"[sC, l{I}, sE, l{C}, sN]",1
"[D, M{D}, l{D}, raw_NA]",1
"[D, M{D}, M{I}, M{L}, data.frame]",1
"[sS, D]",5
"[sF, raw_NA]",1
"[D, I, M{C}, M{D}, M{I}, error, sD, sI, sS, unevaled]",1
"[sI, sN]",90
"[C, language, sC, sF]",1
"[l{I}, I]",9
"[data.frame, sI]",1
"[I, sN]",251
"[D, I, M{C}, M{D}, raw_NA, sD]",1
"[l{Y}, l{language}]",6
"[sI, I, l{?}]",1
"[C, l{sN}, sC, sI]",1
"[M{D}, data.frame, sC, sS]",1
"[C, I, data.frame, sC, sI]",1
"[sS, C]",5
"[sC, sF, language, error]",1
"[l{?}, l{C}, l{D}, l{L}, l{expression}, l{l{?}}, sN, unevaled]",1
"[l{expression}, l{?}]",2
"[l{D}, l{C}, l{?}]",13
"[M{I}, data.frame]",24
"[l{sF}, l{D}, l{C}, l{?}]",1
"[C, error, missing]",2
"[M{C}, sF, unevaled]",1
"[I, L, l{sS}, sL, sS]",1
"[D, I, L, sD]",1
"[I, M{C}, M{D}, M{I}, data.frame]",1
"[sC, sD, D, l{?}]",1
"[l{?}, sD]",25
"[sE, raw_NA]",1
"[C, D, I, L, M{I}, data.frame, l{I}, sC, sD, sL]",1
"[M{I}, sF, unevaled]",2
"[sC, sI, data.frame]",1
"[sC, sF, sI]",1
"[sD, M{I}, I, data.frame]",1
"[C, I, M{D}, data.frame, language]",1
"[M{D}, I]",14
"[C, I, M{C}, expression, language, sC, sI, sL, sN]",1
"[Y, l{?}, l{D}, l{Y}, l{language}]",1
"[l{?}, sE]",3
"[C, I, sC, sI]",12
"[C, D, l{l{?}}, sD]",1
"[sC, sD, C, D, raw_NA]",1
"[sN, l{C}]",5
"[C, I, Y, language, sE, sF]",1
"[sC, C, l{C}, sN]",3
"[l{L}, sL, l{l{?}}, l{?}]",1
"[C, I, sC, sF]",1
"[l{?}, sF]",68
"[C, D, I, L, l{?}, l{C}, l{D}, l{I}, l{l{?}}, raw_NA, sC, sD, sI]",1
"[sE, sF]",7
"[l{language}, sD, sI]",1
"[D, M{D}, M{I}, M{L}, sD, sN, sS]",1
"[D, data.frame, sI]",1
"[data.frame, missing, sF, unevaled]",1
"[l{Y}, C, I, language, error, l{l{?}}, sC, l{sF}, sD, sE, l{L}, l{language}, sF, sI, l{pairlist}, l{sN}, Y, sL, l{C}, sN, pairlist, l{?}]",1
"[D, I, L, M{D}, M{L}, raw_NA, sD, sI, sL, sS, unevaled]",1
"[M{X}]",62
"[M{D}, data.frame, l{D}, sF, unevaled]",1
"[D, I, l{C}, sC]",1
"[C, D, I, L, M{I}, sD, sI]",1
"[D, I, sF]",9
"[sD, l{I}, D, I]",1
"[sD, D, sN]",8
"[l{sN}, l{C}, l{?}]",5
"[l{I}, sD]",2
"[M{C}, M{R}, l{C}, l{R}]",4
"[sC, sF, sN]",25
"[sD, sX]",7
"[C, D, I, L, M{C}, M{D}, M{I}, data.frame, l{?}, l{C}, sC, sD, sI, sL, sS]",2
"[l{sF}, sC, sL, l{?}]",1
"[R, C, D, X, I, L]",2
"[l{expression}, l{language}, l{L}, l{sN}, l{D}, l{C}, l{?}]",1
"[C, D, I, data.frame, raw_NA, sC, sD, sE]",1
"[sD, I]",5
"[l{D}, l{L}, sD]",2
"[D, I, sC]",6
"[D, I, M{D}, M{I}, X, data.frame, language, sD, sI, sX]",1
"[C, D, data.frame, l{?}, l{C}, l{D}, l{I}, l{L}, sD, sI]",1
"[sL, M{L}]",5
"[sD, sE, C, D, sN]",1
"[C, I, sN, unevaled]",1
"[C, I, sC, sN]",6
"[C, D, I, L, missing]",1
"[C, l{C}, l{l{?}}]",1
"[l{I}, sI, I, data.frame]",1
"[error, unevaled]",1
"[D, I, sD]",195
"[C, D, I, L, M{C}, M{D}, M{I}, M{L}, data.frame, l{?}, l{C}, l{D}, l{I}, l{L}, l{l{?}}, raw_NA, sC, sD, sF, sI, sN, sX]",2
"[sC, sF, sL]",2
"[C, l{l{?}}]",3
"[l{I}, sF]",2
"[Y, sD, sN]",1
"[L, missing, sF]",2
"[I, l{?}, l{C}, l{sN}, sI, sN]",1
"[D, data.frame, sN]",1
"[D, I, L, M{D}, missing, sD]",1
"[C, language, l{?}, l{D}, l{l{?}}, sC, sD, sE, sF, sL, sN]",1
"[D, language, sN]",2
"[sC, l{I}, M{D}, C, sF, D, sI, M{I}, I]",1
"[sC, sL, L]",2
"[C, I, expression]",1
"[l{sS}, sD]",1
"[C, D, M{D}, l{?}, sC, sI]",1
"[I, Y, language, sD, sL]",1
"[data.frame, l{?}, l{C}, l{D}, l{I}, l{l{?}}]",1
"[l{?}, l{C}, l{D}, l{I}, l{sF}, l{sS}]",1
"[C, D, I, L, M{C}, M{D}, M{I}, data.frame, l{?}, l{C}, l{D}, l{L}, l{l{?}}, raw_NA, sC, sD, sI, sL, sN]",1
"[C, D, I, L, M{C}, M{D}, data.frame, error, language, l{?}, l{C}, l{D}, l{language}, l{l{?}}, raw_NA, sC, sD, sF, sI, sL, sN, sS]",1
"[l{?}, sC]",52
"[I, L, externalptr, raw_NA, sD, sL, sN]",1
"[C, D, I, L, M{D}, raw_NA, sC, sD, sI, sL, sS]",1
"[sI, data.frame]",1
"[l{l{?}}, sF]",9
"[l{?}, l{D}, l{sF}]",2
"[R, sN, sR]",2
"[data.frame, error]",24
"[D, M{D}, M{I}, data.frame]",3
"[error, sF, sL]",1
"[M{D}, R]",1
"[sC, l{I}, sD, l{L}, D, sI, I, sL, l{D}, sN, l{C}, l{?}]",1
"[sD, C, sN, l{l{?}}, l{?}]",1
"[l{?}, l{C}, l{D}]",24
"[X, l{?}]",1
"[sC, sD, l{language}, sF, C, sL, language, sN, error, data.frame]",1
"[C, l{C}, l{sS}, missing, sC, sS]",1
"[sD, sF, raw_NA, l{?}]",1
"[l{?}, sL]",6
"[l{?}, l{C}, l{expression}, l{sN}]",1
"[l{sF}, l{I}, l{Y}, l{sS}, l{D}, l{C}, l{?}]",1
"[C, D, I, L, l{?}, sD, sX]",1
"[sC, sD, sI, sN, sR]",1
"[sD, D, I, raw_NA]",2
"[l{l{?}}, sD]",8
"[data.frame, sC, sD, sL]",1
"[R, l{?}, l{l{?}}, sC, sN]",1
"[sD, D]",1231
"[sC, sD, D, sL, sN]",1
"[C, D, I, M{I}, data.frame, l{?}]",4
"[l{?}, l{D}, l{l{?}}, l{sF}, l{sN}]",1
"[..., D, Y, expression, language, l{?}, pairlist, sC, sD, sF, sI, sL, sN, sS]",1
"[C, I, M{C}, M{I}, sC, sN]",1
"[arg1_t]",1
"[D, I, missing, sC, sD, sI]",1
"[C, language, missing, sC]",1
"[error, sF, sN]",2
"[l{l{?}}, sC]",16
"[I, l{?}, l{D}, l{I}]",1
"[M{D}, M{I}, M{L}]",3
"[M{I}, missing]",4
"[sE, sN]",27
"[l{sF}, sE, l{D}, sN, data.frame, l{?}]",1
"[C, D, I, raw_NA]",4
"[sS, l{I}]",2
"[l{?}, sN]",207
"[C, I, l{C}, l{I}, sC, sI]",1
"[raw_NA, sI, sN]",1
"[sD, C]",5
"[C, D, raw_NA, sC, sD, sF]",1
"[]",855262
"[l{sF}, l{C}, l{?}]",1
"[M{C}, M{D}, raw_NA, sD]",1
"[M{D}, data.frame, sN, sS]",1
"[D, M{D}, l{l{?}}, sC, sD]",1
"[l{?}, l{C}, l{D}, l{I}, l{language}, l{l{?}}]",2
"[D, I, sN]",56
"[C, D, I, M{C}, data.frame, l{?}, l{C}, sC, sD]",1
"[sC, C, sL, sN, data.frame]",2
"[l{sS}, L]",1
"[l{X}, l{D}, l{?}]",1
"[I, raw_NA, sD, sI, sL]",7
"[externalptr, I]",1
"[sC, sD, sF, D, sI, sL, I]",1
"[M{D}, error]",38
"[C, I, M{C}, sC]",1
"[D, R, sD, sR]",11
"[D, I, L, M{L}, missing, raw_NA, sC, sD, sI]",1
"[C, D, I, l{?}, l{C}, l{D}, l{l{?}}, raw_NA, sC, sD, sI]",2
"[l{Y}, C, l{l{?}}, sC, l{I}, l{language}, l{L}, l{sN}, l{D}, l{C}, raw_NA, data.frame, l{?}]",1
"[l{I}, l{L}, l{D}, l{C}, l{l{?}}]",2
"[D, I, raw_NA, sD, sI, sN]",1
"[C, D, raw_NA, sC, sD, sN]",1
"[sC, C, M{D}, D, I, sN, M{C}]",1
"[data.frame, sC, sN]",4
"[language, l{C}, missing, sE, sF]",1
"[D, language, sD]",1
"[language, l{C}, l{D}, sC]",1
"[C, D, l{?}, l{D}, l{sN}, sD, sF, sN]",1
"[sS, sC, sD, l{Y}, l{I}, C, D, sI, I, L, raw_NA]",1
"[C, M{D}, D, M{I}, I, M{C}, L, l{l{?}}, sC, sD, l{I}, l{L}, sI, sL, l{D}, l{C}, sN, raw_NA, data.frame, l{?}]",1
"[l{?}, l{l{?}}, l{sN}, sC, sD]",1
"[l{?}, sI]",2
"[l{expression}, l{sN}, l{C}, l{?}]",1
"[sC, sD, sF, error, data.frame]",1
"[sD, M{D}, M{C}]",1
"[sC, C, data.frame, l{l{?}}, l{?}]",2
"[l{?}, l{C}, l{D}, l{I}, l{L}, unevaled]",1
"[I, M{I}, sN]",2
"[C, language]",2
"[C, I, sC, sS]",3
"[D, I, sI]",40
"[sC, C, D, I, raw_NA]",1
"[D, I, data.frame, raw_NA, sD, sI]",1
"[D, l{D}, l{I}, sN]",5
"[C, D, I, L, l{l{?}}, raw_NA, sC, sD]",1
"[C, M{C}]",13
"[sS, M{D}, l{?}]",2
"[I, data.frame, language]",1
"[error, sF, sS]",2
"[C, l{?}, l{C}, l{D}, sC, sD]",1
"[M{D}, C, data.frame, l{?}]",1
"[sE, sI]",1
"[M{L}, l{C}, sS]",1
"[l{D}, l{I}, l{sS}]",1
"[data.frame, sC, sD, sN]",1
"[l{D}, sN, l{?}]",3
"[sS, sD, D, L]",1
"[sC, C, sN, M{C}]",3
"[missing, raw_NA, sD]",3
"[l{l{?}}, l{?}]",126
"[l{language}, l{sN}, l{?}]",1
"[C, D, I, L, M{D}, l{l{?}}, sD]",1
"[sC, C, sN]",41
"[L, error, missing]",2
"[M{C}, M{D}, M{I}]",17
"[l{C}, sI]",1
"[l{I}, l{sS}, l{sN}, l{D}, l{C}, l{l{?}}]",1
"[D, raw_NA, sD, sS]",1
"[l{?}, l{sN}, sF, sN, unevaled]",1
"[sD, D, l{D}]",7
"[C, I, sN]",13
"[l{language}, l{C}, l{?}]",2
"[M{D}, M{I}, l{D}, sD]",1
"[D, I, L, l{C}, l{I}, sC, sL, sN]",1
"[C, data.frame, l{?}, l{C}, l{D}, l{I}, l{L}, l{Y}, l{language}, l{l{?}}, l{sN}, raw_NA, sC]",3
"[D, I, L, sF, sN]",1
"[C, I, L, raw_NA, sC]",5
"[I, l{?}, sC]",1
"[C, D, I, data.frame, error, l{language}, l{l{?}}, missing, sC, sD, sF, sI, sN, sS]",1
"[sC, C, sL]",3
"[M{D}, M{I}, l{D}, l{I}]",1
"[l{?}, raw_NA, sD, sF, sL]",1
"[M{D}, M{I}, M{L}, sS]",1
"[D, L, sD, sL]",1
"[l{l{?}}, l{sF}]",2
"[sD, sI]",1442
"[I, error, l{?}, l{D}, sD, unevaled]",1
"[D, raw_NA, sC, sD, sI, sN, sR]",5
"[language, l{language}, sN]",6
"[missing, sI]",12
"[Y, l{?}, sC, sF]",2
"[l{sN}, l{C}]",2
"[C, D, I, L, M{D}, l{?}, l{C}, l{D}, l{l{?}}, raw_NA, sC, sD, sI, sL]",1
"[sD, language, error]",1
"[sC, sL, error]",1
"[M{C}, raw_NA, sC]",1
"[sD, M{D}, D, sN]",1
"[C, M{D}, D, M{I}, I, M{C}, L, l{l{?}}, sC, sD, l{I}, sI, sL, l{C}, sN, raw_NA, data.frame, l{?}]",1
"[sL, raw_NA]",20
"[R, error]",1
"[M{I}, externalptr, I, data.frame, l{l{?}}, l{?}]",1
"[sC, M{D}]",2
"[error, l{?}, l{D}, sE]",1
"[D, M{D}, data.frame, error, l{?}, l{D}]",1
"[M{D}, l{D}, sN]",3
"[D, raw_NA, sD, sN]",4
"[M{D}, M{I}, sN, M{C}, data.frame]",1
"[l{?}, l{C}, l{D}, l{L}, l{l{?}}]",2
"[l{sS}, sS]",9
"[D, sI, I, data.frame]",2
"[missing, sN]",42
"[C, I, sI]",8
"[D, I, l{C}, l{D}, l{I}, l{L}, l{sS}, sI, sS]",1
"[I, sC, sD, sN]",1
"[M{I}, I]",12
"[Y, language, sF, unevaled]",3
"[Y, language, sC, sD, sN]",1
"[I, l{I}, sI]",1
"[C, D, I, L, M{D}, l{C}, sC, sD, sI]",1
"[sC, C, sI, I]",6
"[sC, D, l{C}, data.frame, l{l{?}}, l{?}, l{externalptr}]",1
"[sD, sF, error]",3
"[D, sF]",84
"[D, I, data.frame, raw_NA, sC, sD, sI, sL]",1
"[sD, sF]",211
"[l{C}, sL]",1
"[I, sC, sD, sI, sL]",2
"[C, D, I, L, sC, sD, sI, sL, sN]",1
"[sC, I, l{C}]",1
"[sF, unevaled]",1352
"[M{D}, sE, sN]",1
"[ret_t]",1
"[sS, C, M{D}, D, M{I}, I, language, error, ..., sC, sD, sE, sF, sI, M{X}, sL, l{D}, sN, l{C}, data.frame, pairlist, l{?}]",1
"[l{?}, l{C}, l{D}, l{I}, l{L}, l{sN}]",2
"[D, sC]",70
"[missing, sL]",62
"[sE, sS]",8
"[sD, l{?}]",20
"[data.frame, l{?}, l{C}, l{language}]",1
"[Y, language, sC, sD, sL]",1
"[sD, sE]",7
"[C, M{C}, l{C}, missing]",1
"[sD, M{D}, D, raw_NA]",1
"[I, M{I}, data.frame, l{D}, l{I}, l{l{?}}, sF, sS]",1
"[C, missing, sN]",2
"[l{?}, l{C}, l{D}, l{I}, l{L}, l{X}, l{l{?}}, l{sF}, l{sN}]",2
"[l{?}, l{Y}]",2
"[sD, M{D}, D, X]",1
"[error, language, l{?}, sD, sF]",1
"[l{C}, sF, sN]",1
"[D, sD]",2281
"[l{D}, l{sN}]",7
"[M{D}, data.frame, l{?}]",3
"[sN, pairlist]",2
"[I, error]",61
"[l{C}, sN]",59
"[l{?}, sS]",29
"[I, sC, sD, sI, sN]",1
"[I, l{?}, sF]",1
"[C, D, I, l{l{?}}, sC, sD]",2
"[expression, missing, sC]",2
"[data.frame, sN, unevaled]",2
"[l{I}, C, l{sN}, l{D}, l{C}, l{?}]",1
"[l{I}, l{D}, l{?}]",13
"[sC, C, sI, sL, I, L]",1
"[C, I, sD, sI]",2
"[D, I, M{D}, R, sD, sR]",1
"[Y, language, sC, sD, sI]",1
"[sD, D, error]",1
"[sD, M{D}, C, D, M{I}, I]",1
"[sL, l{D}, sN, l{?}]",1
"[sD, sF, sL]",2
"[sD, C, D, sI, I]",1
"[D, sI]",19
"[arg19_t]",1
"[sS, sD, sF]",2
"[data.frame, l{?}, l{C}, l{l{?}}]",1
"[R, sI, sR]",1
"[sC, sD, C, D, sI, I, data.frame]",1
"[sD, sS]",7
"[M{D}, M{I}, sD, sI, sL]",1
"[C, D, I, L, sC, sD, sI, sL, sS]",1
"[sD, M{D}, l{D}]",4
"[l{sS}, sN]",6
"[C, expression, l{?}, sC, sL, unevaled]",1
"[missing, sC]",225
"[language, l{language}, sF]",1
"[bytecode, sF]",1
"[D, data.frame, missing]",2
"[sL, I]",1
"[C, D, I, L, M{C}, M{D}, M{I}, M{L}, data.frame, error, expression, externalptr, l{?}, l{C}, l{D}, l{I}, l{L}, l{Y}, l{externalptr}, l{language}, l{l{?}}, l{sS}, pairlist, sC, sD, sF, sI, sL, sN, sS]",1
"[C, D, I, L, sC, sD, sI, sL]",9
"[C, D, I, M{D}, M{I}, data.frame, sD]",1
"[l{sF}, l{L}, l{sN}, l{C}, sN, l{?}]",1
"[C, M{C}, sC, sI]",1
"[l{sS}, l{?}]",1
"[l{?}, l{C}, l{L}]",4
"[L, sC, sD]",1
"[C, l{C}]",28
"[sD, sR]",9
"[sS, sC, M{D}, data.frame]",1
"[C, D, I, L, data.frame, l{?}, l{I}, sC, sD, sF, sI, sL, sN]",1
"[D, I, M{D}, data.frame, l{I}, raw_NA, sD]",1
"[D, I, M{D}, sD, sE, sI]",1
"[Y, language, missing, sC]",1
"[C, I, l{C}, sC]",1
"[D, I, error, missing]",1
"[M{D}, l{?}]",37
"[, missing]",1
"[l{Y}, l{language}, l{sN}, l{D}, l{?}]",1
"[C, I, l{externalptr}, sC, sI]",1
"[sC, C, l{C}]",8
"[sS, C, M{D}, D, I, M{C}, sC, sD, l{I}, sI, l{C}, sN, data.frame, l{?}]",1
"[sD, sF, sN]",11
"[sC, C, M{D}, D, M{I}, I]",1
"[l{C}, sS]",1
"[C, sC]",1802
"[sD, C, D, sN, l{C}, raw_NA, L]",1
"[M{D}, l{?}, l{D}, l{l{?}}]",1
"[M{C}, error]",1
"[M{L}, raw_NA, L]",1
"[C, I, l{?}, sI]",1
"[M{D}, l{D}, l{?}]",7
"[l{I}, sS]",4
"[l{?}, l{I}, l{sS}, sS]",2
"[I, l{I}, sN]",3
"[missing]",2591
"[I, sC, sD, sI]",3
"[L, raw_NA, sC, sD, sL, sR]",2
"[sS, sD, sI]",1
"[D, sI, I]",9
"[missing, sF]",48
"[raw_NA, sC, sS]",1
"[l{I}, sL]",1
"[sD, sL, L]",2
"[sL, L]",209
"[l{?}, l{sN}, sC, sN]",1
"[C, I, sC, sD]",5
"[sC, D, X, I, L]",1
"[C, D, I, M{C}, M{D}, M{I}, data.frame, sD]",1
"[C, I, L, l{l{?}}, sC, sI, sL]",1
"[C, I, data.frame, error, l{?}, l{C}, l{D}, l{I}, l{language}, l{l{?}}, l{sF}, sC, sI]",1
"[sC, M{D}, M{I}, l{D}, sN]",1
"[data.frame, sC, sD, sL, sN]",1
"[l{?}, sF, sN]",3
"[Y, l{?}, sC, sD]",1
"[M{D}, l{D}, sE]",1
"[M{D}, C, D, M{I}, I]",1
"[M{L}, missing, sI]",1
"[sC, C, D, sI, I]",1
"[l{D}, l{C}, sN, l{l{?}}, l{?}]",1
"[M{D}, D, M{C}]",3
"[D, sN]",733
"[M{D}, D, sL, l{D}, l{l{?}}]",1
"[D, l{C}, M{C}]",1
"[Y, language, sC, sE, sN]",1
"[sD, sN]",1164
"[l{?}, l{C}, l{l{?}}, l{sN}, sC]",1
"[missing, sD]",413
"[sD, sF, sI]",27
"[M{D}, l{D}, sD]",1
"[l{I}, sN]",26
"[sI, l{D}, M{C}, data.frame]",2
"[C, M{C}, sC, sF]",1
"[l{Y}, sN, error]",1
"[I, sF, sS]",1
"[, sN]",1
"[D, I, M{D}, l{D}, sI]",1
"[l{?}, l{sE}]",1
"[error, missing]",81
"[D, I, L, M{L}]",1
"[error, l{?}, l{D}, missing]",1
"[Y, error, language, sC, sD]",1
"[sC, sD, sL, sN]",3
"[missing, sE]",3
"[C, D, I, L, R, X, data.frame, language, l{?}, l{I}, raw_NA, sC, sD, sF, sI, sL, sN, sR, sX]",1
"[C, D, I, M{C}, data.frame, l{?}, l{C}, l{l{?}}, sC, sD, sN]",2
"[C, l{C}, l{?}]",2
"[l{l{?}}, sN]",49
"[sC, C, sN, l{C}]",1
"[C, D, I, M{D}, M{I}, data.frame, sF]",1
"[D, l{?}, l{I}]",1
"[sD, sL]",69
"[D, sL]",19
"[l{l{?}}, sC, sD, sI, sL]",2
"[C, M{C}, l{C}, sC]",1
"[I, l{?}, l{sF}, sC, sD, sF, sI, sN]",1
"[C, D, I, data.frame, sC]",1
"[sC, C, D]",5
"[M{C}, M{I}, data.frame]",1
"[C, sC, sD, sI, sL, sN]",1
"[C, I, L, raw_NA, sC, sD, sL, sN]",1
"[l{?}, l{sE}, l{sF}, sE, sN]",1
"[C, D, l{?}, l{D}, l{sN}, sC, sN]",1
"[C, D, M{D}, l{l{?}}, sD]",1
"[l{l{?}}, l{externalptr}, l{?}]",2
"[l{I}, l{sS}, l{D}, l{l{?}}]",2
"[l{l{?}}, sF, unevaled]",2
"[D, I, data.frame, l{?}]",1
"[sC, sD, C, D, I, l{C}, sN, M{C}, data.frame, l{l{?}}, l{?}]",1
"[C, D, sS]",1
"[D, l{?}, l{C}, l{l{?}}, l{sF}, sD, sE]",1
"[D, I, Y, data.frame, l{I}, sC, sL, sN]",1
"[error, language]",6
"[l{l{?}}, l{sN}]",7
"[M{I}, data.frame, sS]",1
"[arg16_t]",1
"[l{I}, sD, sI, sN]",2
"[C, raw_NA, sC, sD]",4
"[I, sF, sN]",3
"[language, l{C}, l{D}]",2
"[l{sF}, l{I}, sD, sF, M{D}, D, I]",1
"[sS, C, D, l{sS}, I, L, sC, sD, l{I}, sI, sN, raw_NA, data.frame, l{?}]",1
"[l{D}, l{L}]",4
"[M{D}, M{I}, M{X}, sD]",2
"[sC, sD, l{sN}, l{D}, l{C}, sN, l{l{?}}]",1
"[D, sF, unevaled]",6
"[arg9_t]",1
"[D, I, data.frame, l{?}, l{C}, l{D}, l{I}, l{L}, l{Y}, l{language}, l{l{?}}]",1
"[sD, I, sN, l{?}]",1
"[l{R}, sC, sE]",2
"[l{?}, l{D}, l{L}, l{Y}, l{sN}]",1
"[sC, sD, sI, sL, sR, sX]",1
"[sC, C, l{C}, data.frame, l{?}]",1
"[D, sC, sD, sI, sL, sN]",1
"[l{sN}, l{C}, sN, l{?}]",1
"[D, M{C}, M{D}, M{I}, M{L}, sC, sD, sI]",2
"[C, I, L, raw_NA, sC, sI]",2
"[I, L, M{L}, missing, sD, sI]",1
"[C, l{?}, l{I}, l{R}]",1
"[l{?}, l{D}, l{Y}, sE]",1
"[data.frame, l{C}, sN]",2
"[M{C}, M{D}, M{I}, error]",2
"[C, M{C}, M{D}, data.frame, sC, sN]",1
"[D, M{D}, M{I}, M{X}, X, sD, sN]",1
"[C, M{D}, M{I}]",2
"[I, X, sD, sS, sX]",1
"[l{sF}, l{sN}, l{D}, l{l{?}}, l{?}]",3
"[I, l{I}, sD, sE, sF, sI, sL, sN]",1
"[M{D}, M{L}, sN]",1
"[D, I, l{I}, missing]",1
"[C, D, I, M{D}, raw_NA, sC, sD, sI]",1
"[l{C}, l{D}, l{I}, l{sE}, l{sN}]",1
"[C, I, raw_NA, sC, sD, sI]",2
"[error, l{C}]",3
"[sD, M{D}, l{D}, sN, l{?}]",1
"[C, raw_NA, sC, sI]",1
"[L, sC, sD, sL]",1
"[l{?}, l{externalptr}, sF]",1
"[sC, C, sI, I, sN]",3
"[I, sF, sI]",1
"[sD, l{l{?}}]",3
"[sC, R, C]",2
"[C, raw_NA, sC, sD, sI, sL, sN]",1
"[sS, M{I}]",1
"[D, I, M{D}, M{I}, raw_NA]",1
"[l{externalptr}]",103
"[M{D}, M{I}, data.frame, missing]",1
"[l{?}, l{C}, l{language}, l{l{?}}, l{sN}, sE]",1
"[D, M{D}, data.frame, error]",5
"[D, I, Y, data.frame, language, l{?}, l{I}, sC, sF, sL, sN]",1
"[I, l{C}, sC]",1
"[D, M{I}, missing]",4
"[M{D}, M{X}, sN]",1
"[data.frame, l{?}, unevaled]",2
"[M{C}, M{D}, M{I}, M{L}]",1
"[D, I, M{D}, M{I}, sD, sI, sS]",1
"[sS, sD, M{D}, D, sX]",1
"[D, L, Y, data.frame, language, raw_NA, sC, sD, sF, sL]",1
"[D, I, L, M{C}, M{D}, M{I}, M{L}, raw_NA, sD]",1
"[l{C}, M{C}]",7
"[D, sD, sF, sI]",6
"[D, sS]",18
"[sE, l{sE}, sN]",1
"[D, l{?}, l{C}, l{D}, l{I}, l{L}, l{l{?}}, sC, sD, sI, sL, sN]",1
"[l{sF}, l{D}, l{?}]",1
"[C, D, I, M{C}, M{D}, M{I}, M{L}, sD, sN]",1
"[X, sD, sX]",1
"[D, l{?}, l{D}, sD]",1
"[I, X, sX]",3
"[l{sF}, sF, l{l{?}}, l{?}]",1
"[D, data.frame, l{?}, l{C}, sC, sN]",1
"[M{D}, data.frame, sF, sS, unevaled]",2
"[C, l{D}, sC]",2
"[I, sF, sL]",1
"[sC, sS, C]",2
"[l{?}, l{D}, l{I}, sN]",1
"[l{C}, l{D}]",15
"[sS, l{I}, I]",1
"[D, I, M{D}, M{I}]",15
"[L, M{L}]",3
"[D, M{I}, I, data.frame]",1
"[I, sE]",1
"[C, L, sC, sL, sN]",1
"[expression]",40
"[missing, sS]",13
"[l{X}]",3
"[R, M{D}]",1
"[I, data.frame, language, l{?}, l{l{?}}]",2
"[l{?}, l{C}, l{sN}, sC, sN]",1
"[C, I, sF]",2
"[D, M{I}, data.frame, l{?}]",2
"[l{D}, raw_NA, l{?}]",1
"[D, M{D}, data.frame, raw_NA]",1
"[M{C}, M{D}, data.frame, raw_NA, sS]",2
"[C, error, sC, sL]",1
"[l{externalptr}, l{l{?}}]",5
"[sC, sD, M{D}, D, I, l{?}]",1
"[D, I, l{I}, sI, sS]",1
"[M{D}, M{L}, sS]",3
"[data.frame, raw_NA]",9
"[sF, sN, sS]",3
"[I, sD]",235
"[sC, sD, M{D}, D, sI, M{I}, M{L}, M{C}]",1
"[D, I, L, missing, sD]",2
"[C, missing, sC]",25
"[D, l{?}, missing]",1
"[language, sF, sN]",5
"[l{sN}, l{D}, l{?}]",3
"[C, sF, sN]",3
"[sC, C, l{sN}, sL, l{C}, sN, l{l{?}}, l{?}]",1
"[C, D, I, L, M{C}, M{D}, M{I}, M{L}]",1
"[D, error, sC, sD, sL]",1
"[D, M{D}, error, sD]",3
"[l{?}, l{C}, l{I}, l{language}, l{l{?}}]",1
"[l{?}, l{C}, l{I}, raw_NA, sD, sF]",1
"[C, error, sC, sI]",1
"[sC, sD, C, D, sI, I, sL, L, raw_NA]",2
"[I, sC]",37
"[C, raw_NA, sC]",6
"[C, D, I, M{D}, M{I}, sC, sN]",1
"[l{l{?}}, missing]",6
"[D, l{?}, sC, sD, sE]",1
"[sD, sL, sN]",5
"[language, raw_NA, sC, sD, sN]",1
"[sD, M{D}, D, l{D}, l{?}]",1
"[I, l{?}, l{sF}]",3
"[C, raw_NA, sD]",1
"[l{Y}, l{D}, sN, l{?}]",1
"[data.frame, error, l{?}, sF]",1
"[C, I, M{C}, data.frame, sC, sS]",1
"[sC, C, D, sN]",1
"[language, sF, sL]",1
"[C, D, l{Y}, l{language}, l{l{?}}, l{sE}, l{sF}, sC]",1
"[l{I}, raw_NA]",1
"[M{D}, C, M{I}]",1
"[C, D, I, L, language, sF, sN]",1
"[data.frame, l{?}, sS]",2
"[C, raw_NA, sC, sN]",6
"[D, I, raw_NA, sD]",2
"[sD, sF, unevaled]",21
"[M{I}, R]",1
"[sC, l{I}, l{L}, sI, l{sN}, sL, l{D}, l{C}, sN, l{l{?}}, l{?}]",2
"[M{D}, M{X}, sD]",2
"[C, D, data.frame]",3
"[l{I}, l{D}, l{C}, l{?}]",11
"[data.frame, l{?}, l{I}]",2
"[C, I, sC, sF, sI]",1
"[l{language}, l{?}]",20
"[sS, sN, data.frame]",1
"[l{Y}, sN]",4
"[sD, C, sN]",1
"[sS, sD, D, I]",1
"[l{language}, sN]",10
"[l{L}, sN, l{C}, l{?}]",1
"[C, D, I, unevaled]",1
"[D, M{D}, l{?}]",2
"[D, sD, sF, sN]",5
"[l{L}, sL, sN]",1
"[C, I, sC]",46
"[sS, sD, C, D, sI, I, sN]",1
"[D, error, sC, sD, sF]",1
"[sC, sE, M{D}, D, l{D}, sN, M{C}, l{l{?}}, l{?}]",1
"[l{?}, l{language}, l{l{?}}, sS]",1
"[D, I, raw_NA, sF]",2
"[l{?}, l{sN}, raw_NA, sC, sD, sI, sL, sN]",1
"[L, sI, sL]",2
"[M{D}, D, l{D}, l{?}]",1
"[M{D}, M{I}, M{L}, sN]",2
"[sC, l{L}, sF, sL, l{D}, sN, l{l{?}}, l{?}]",1
"[sC, sF, unevaled]",2
"[C, missing, sF]",1
"[l{sF}, l{sN}, l{l{?}}, l{?}]",1
"[missing, sD, sS]",1
"[D, l{?}, raw_NA, sC, sD, sI]",1
"[sD, sX, M{X}, X]",1
"[D, raw_NA, sD, sI]",2
"[C, I, sD]",2
"[l{I}, l{?}]",40
"[I, raw_NA, sC, sD, sI, sN, sR]",4
"[D, I, M{D}, M{I}, missing]",1
"[M{D}, error, missing, sS]",2
"[C, data.frame, language, sC, sD, sF, sL]",1
"[l{sF}, l{I}, l{D}, l{C}, l{?}]",1
"[C, error, sC, sF]",2
"[l{?}, l{l{?}}, l{sF}, sD]",1
"[sC, C, I]",15
"[C, D, l{C}, sC]",1
"[D, I, M{D}, M{I}, data.frame, l{D}, l{I}]",1
"[I, l{C}, sI]",3
"[C, l{?}, l{C}]",1
"[l{sF}, sF, sN]",3
"[C, l{l{?}}, sN]",3
"[C, D, I, error, l{D}]",1
"[D, I, l{?}, l{D}, sD]",1
"[l{D}, l{l{?}}, l{?}]",10
"[l{C}, l{sN}]",7
"[sC, sL, sN]",9
"[sC, C, D, l{C}, sN, L, raw_NA, l{?}]",1
"[D, I, M{D}, sI]",1
"[M{D}, M{I}, sS]",3
"[D, M{D}, M{R}, R]",1
"[data.frame, l{D}, sN]",3
"[sD, M{D}, sI, M{I}]",1
"[I, R, raw_NA, sC, sD, sI, sN, sR]",3
"[data.frame, error, sE, sI]",1
"[D, sI, I, sL, L]",1
"[l{?}, l{D}, sF]",6
"[C, expression, sC, sI]",1
"[X, sN]",1
"[language, sL]",1
"[sC, sD, C, D, sI, I, l{D}, l{C}, raw_NA, L, l{l{?}}, l{?}]",1
"[sS, sD, M{D}, D, sI, I]",2
"[M{D}, M{I}, raw_NA, sD]",1
"[data.frame, error, missing]",2
"[D, M{D}, M{X}, sD]",1
"[l{D}, l{L}, l{Y}, l{sN}]",1
"[M{D}, D, I, l{D}]",1
"[sD, M{D}, D, sI, sN]",1
"[L, M{D}, M{L}, language, sF]",1
"[l{C}, l{I}, sL]",1
"[l{C}, sC, sD, sI]",1
"[C, D, I, M{C}, M{D}, M{I}, data.frame, sC, sI, sN, sS, unevaled]",1
"[D, I, l{?}, l{I}, sD]",1
"[l{?}, l{Y}, l{language}, pairlist]",1
"[D, M{D}, M{I}, M{L}, missing, sD]",1
"[l{?}, sC, sN]",3
"[l{?}, l{D}, sD]",2
"[I, missing]",39
"[C, D, I, L, data.frame, language, l{?}, l{l{?}}, sC, sD, sF, sL, sN]",1
"[D, I, language]",1
"[sD, sX, X]",1
"[error, l{?}, l{C}, l{D}, l{language}]",1
"[language, sI]",1
"[error, missing, sL]",2
"[sC, sD, C, D, I, sN, l{?}]",1
"[Y, sE, sF]",1
"[error, language, sF, sN]",1
"[l{?}, l{D}, l{L}]",7
"[l{Y}, C, l{l{?}}, sC, l{I}, l{L}, l{language}, l{sN}, l{D}, l{C}, raw_NA, data.frame, l{?}]",1
"[l{D}, sN, unevaled]",1
"[error, l{?}, l{l{?}}]",2
"[L, sF, sL]",4
"[Y, sF, unevaled]",1
"[language, l{l{?}}, sC]",1
"[l{C}, l{I}, sN]",2
"[C, I, M{D}]",2
"[error, missing, sE]",2
"[D, I, raw_NA, sC, sD, sI, sL]",1
"[M{D}, missing, sN]",1
"[M{D}, M{I}, data.frame, error, sN]",1
"[C, l{?}, sC, sL, sN]",1
"[l{?}, l{sS}]",4
"[l{?}, l{C}, l{D}, l{L}]",1
"[data.frame, error, l{?}, sD]",1
"[M{D}, M{I}, sN]",10
"[sD, C, I]",1
"[C, M{D}, l{?}, sD]",1
"[M{L}, sL]",1
"[sD, M{D}]",232
"[sC, sN, l{?}]",1
"[expression, sC]",6
"[sD, sI, I, l{D}, l{?}]",1
"[l{I}, l{sS}]",1
"[l{I}, sI, I]",2
"[l{?}, sC, sI]",1
"[language, sC, sI, sS]",1
"[l{sN}, l{l{?}}, l{?}]",3
"[D, I, L, sD, sI, sS]",1
"[l{?}, l{I}, sC]",1
"[data.frame, l{?}, sN]",1
"[C, M{D}, D, I, language, error, L, l{l{?}}, sC, sD, sF, sI, sL, l{D}, l{C}, sN, raw_NA, data.frame, l{?}]",1
"[l{?}, l{D}, raw_NA]",1
"[D, I, M{D}, M{I}, data.frame, sD, unevaled]",1
"[l{l{?}}, l{sN}, sN]",8
"[C, D, I, L, M{D}, data.frame, l{?}, l{C}, l{D}, sC, sD, sI, sL, sN]",2
"[C, I, M{D}, M{I}, data.frame, l{?}, missing]",1
"[l{l{?}}, sC, sD]",3
"[l{L}, l{language}, l{sN}, l{C}, l{l{?}}]",1
"[sC, sD, sE, D, l{?}]",1
"[M{L}, sN]",5
"[C, l{Y}]",1
"[C, I, data.frame, l{?}, l{C}, l{D}, l{I}, l{l{?}}, sC, sI]",1
"[language, sN]",41
"[C, D, I, L, M{C}, M{D}, l{?}, l{D}, sC, sD, sF, sI, sS]",2
"[M{I}, l{?}]",5
"[D, l{?}, l{l{?}}]",2
"[D, l{l{?}}, sD]",4
"[l{D}, l{I}, l{Y}, l{language}, l{l{?}}, pairlist]",1
"[I, error, sC]",2
"[language, sS]",3
"[expression, sD]",1
"[sC, sD, l{L}, sL, l{D}, l{C}, l{?}]",1
"[data.frame, missing]",30
"[l{?}, l{C}, sC, sD, sI]",2
"[sD, M{D}, D, M{I}, I]",3
"[sS, M{D}, D]",2
"[l{Y}, l{language}, l{?}]",2
"[arg6_t]",1
"[sD, sF, sI, sL, error]",2
"[l{D}, l{C}, l{l{?}}, l{?}]",1
"[sC, sD, l{I}, C, M{D}, D, I, M{L}, M{C}, data.frame]",1
"[l{?}, l{D}, sN]",23
"[D, l{?}, l{l{?}}, sN]",1
"[sS, D, sI, I, L]",1
"[L, sF, sN]",3
"[M{D}, C, D, M{I}, I, M{L}, M{C}, L]",1
"[l{?}, l{C}, l{D}, l{I}, l{L}, l{l{?}}]",3
"[l{I}, sD, sI]",1
"[l{sF}, l{sE}, l{?}]",1
"[l{?}, l{l{?}}]",193
"[I, raw_NA, sD, sI]",5
"[D, M{D}, l{?}, l{D}, raw_NA]",1
"[raw_NA, sE, sF]",2
"[l{?}, l{C}, l{D}, sN]",4
"[l{?}, l{l{?}}, l{sF}, l{sN}]",1
"[data.frame, l{D}, sE]",2
"[sC, sD, language, raw_NA]",1
"[D, I, M{C}, M{D}, M{I}, sD]",1
"[expression, sF]",4
"[sD, D, data.frame]",4
"[l{sS}, missing]",1
"[l{?}, sC, sF]",1
"[sS, l{sF}]",1
"[M{I}, sI, M{C}]",3
"[L, language]",2
"[D, l{?}, sD, sN]",1
"[sD, M{D}, D]",61
"[l{?}, l{C}, l{expression}, l{language}, sN]",1
"[C, M{C}, M{D}, M{I}, sC, sN]",1
"[D, M{D}, X, sD]",1
"[D, I, M{D}, sN]",4
"[l{?}, l{I}, sN]",8
"[l{externalptr}, l{?}]",2
"[sF, sI]",40
"[sC, sD, sE, sI, sN]",1
"[D, I, l{?}, l{C}, l{D}, l{l{?}}, sC, sI]",1
"[data.frame, sD, sN]",1
"[M{L}, L]",3
"[l{?}, l{D}, sS]",1
"[l{?}, l{C}, l{L}, l{l{?}}]",1
"[missing, sL, sN]",1
"[sC, sD, C, D, sI, I]",1
"[R, sD, sR]",7
"[C, sC, sI, sN]",2
"[expression, sC, sN]",2
"[error, missing, sN]",1
"[M{D}, missing, sD]",5
"[data.frame, l{D}, sC]",1
"[l{?}, sC, sD]",2
"[sS, M{D}, I]",1
"[sC, C, l{C}, l{?}]",4
"[M{D}, M{I}, sF]",2
"[D, I, M{D}]",58
"[l{?}, l{D}, l{sF}, l{sN}]",1
"[D, M{D}, l{?}, sD]",1
"[C, D, I, l{?}, l{C}, l{D}, l{l{?}}, sC, sI]",1
"[l{I}, l{sS}, I, l{?}]",1
"[l{C}, l{D}, sN]",1
"[C, l{?}, l{C}, sC]",2
"[sC, sD, sF, D, sI, sL]",2
"[sS, D, l{sS}, I, L]",1
"[sL, L, raw_NA]",3
"[M{D}, M{I}, sI]",2
"[sS, l{sF}, sI, sN]",1
"[C, l{C}, l{l{?}}, sC, sN]",1
"[M{D}, missing, sF]",1
"[C, I, l{C}, l{D}, l{sN}, sC, sD, sI, sN]",1
"[l{?}]",19665
"[I, data.frame, sC, sD]",1
"[error, l{?}, l{D}, l{I}]",2
"[data.frame, error, l{?}, l{C}, l{D}, l{I}]",1
"[sC, l{?}]",17
"[D, l{?}, l{l{?}}, sS]",1
"[sC, sE, sF]",2
"[M{D}, D, sN]",2
"[D, I, L, sD, sI, sL]",2
"[D, M{D}, M{I}, sD]",4
"[expression, l{?}, sC, sN]",2
"[M{D}, D, I, L, raw_NA]",1
"[X, sX]",13
"[error, externalptr]",2
"[D, data.frame, l{D}]",5
"[L, sD, sI, sL]",2
"[D, M{D}, missing, sD, sS, sX]",1
"[C, sI]",7
"[l{?}, l{Y}, l{language}]",2
"[C, D, M{D}, data.frame, l{?}, l{D}, l{L}, l{sF}, raw_NA, sC, sD, sL]",1
"[data.frame, l{?}, l{D}, l{I}, l{l{?}}]",2
"[I, raw_NA, sI]",1
"[l{I}, l{D}, l{C}]",3
"[expression, missing]",1
"[C, D, I, L, M{D}, M{I}, data.frame, l{C}, l{D}, l{l{?}}, sC, sD, sI]",1
"[sC, sD, C, sN]",1
"[l{?}, l{sN}, sN]",1
"[D, M{D}, l{D}, sD]",4
"[data.frame, raw_NA, sL]",1
"[D, M{L}, l{D}, sD]",1
"[sC, C, sL, l{?}]",1
"[D, M{X}, X, sD, sX]",1
"[L, language, sF, sL]",1
"[expression, sN]",2
"[C, l{?}, l{C}, l{D}, l{L}, l{l{?}}, l{sF}, l{sN}]",1
"[sD, l{D}, l{?}]",1
"[C, sC, sD, sE, sI, sN]",1
"[expression, language, sC, sN]",2
"[sC, I]",1
"[l{sE}, sN]",2
"[D, M{D}, data.frame, error, sC, sD, sF]",1
"[l{?}, l{C}, l{D}, l{L}, l{expression}, l{language}, l{sN}]",1
"[C, I, data.frame, l{?}, l{C}, l{D}, l{I}, l{L}, l{l{?}}, l{sF}, l{sS}, sC, sI, sS]",1
"[L, M{L}, raw_NA, sL, sS, unevaled]",1
"[l{?}, l{C}, missing, sF]",1
"[l{C}, l{?}]",73
"[M{D}, M{I}, sD]",4
"[M{C}, M{D}, raw_NA]",1
"[l{R}, l{C}]",1
"[I, error, sD, sI]",4
"[pairlist, sC]",2
"[D, I, M{D}, M{I}, data.frame]",5
"[D, M{D}, language]",3
"[C, l{?}, l{D}, l{I}, l{l{?}}, unevaled]",1
"[raw_NA, sC, sD, sI]",3
"[Y, error, sC, sD, sE, sF, sN]",1
"[M{L}, l{?}, l{l{?}}]",1
"[C, M{D}, l{?}, sN]",1
"[l{C}, l{sF}]",1
"[C, D, I, L, externalptr, raw_NA, sC, sD, sI, sL]",2
"[M{D}, sD, sF, sN]",2
"[sF, data.frame]",1
"[error, sC, sF]",8
"[l{D}, l{I}]",42
"[l{?}, l{C}, l{D}, l{sF}]",1
"[sC, D]",5
"[sC, l{externalptr}, l{?}]",1
"[D, L, M{D}, M{L}]",2
"[l{sF}, sD, l{D}, l{C}, l{?}]",1
"[I, data.frame, sN]",2
"[sC, l{sF}, l{Y}, l{language}, C, sI, I, l{D}, l{?}]",1
"[I, M{I}, data.frame, l{?}, l{D}, l{I}, l{l{?}}, sF, sS]",1
"[l{L}, l{D}]",3
"[sC, C, sI, I, l{C}]",1
"[Y, language]",30
"[C, Y, l{?}, l{Y}, l{language}, l{l{?}}, sC, sF]",1
"[M{D}, D, M{I}, sI, I, raw_NA]",1
"[l{D}, l{l{?}}, sN]",2
"[C, sD]",15
"[sD, sN, data.frame]",1
"[sL, l{C}, l{?}]",1
"[error, sC, sD]",6
"[C, D, I, L, l{l{?}}, sC, sD, sF, sI, sL, sN, raw_NA, data.frame, l{?}]",1
"[D, l{l{?}}, sF]",1
"[D, sI, sN]",1
"[sC, data.frame, l{l{?}}]",1
"[l{?}, l{C}, l{l{?}}]",22
"[sC, C]",791
"[M{D}, M{I}, data.frame]",18
"[C, sF]",33
"[missing, sF, unevaled]",3
"[l{C}, l{l{?}}, l{?}]",13
"[D, M{D}, M{I}, M{R}, R]",1
"[Y, language, l{C}, sC, sD, sE, sN]",1
"[raw_NA, sC, sD, sL]",1
"[l{?}, raw_NA]",15
"[language, l{?}, l{Y}, l{language}, l{l{?}}]",1
"[sD, C, D]",1
"[language, pairlist]",6
"[data.frame, l{?}, l{C}, l{I}]",1
"[l{?}, l{D}, l{L}, l{l{?}}]",1
"[sC, l{sF}, sF, error, data.frame]",1
"[unevaled]",9081
"[C, I, M{I}, data.frame, l{?}]",2
"[D, M{D}]",789
"[M{D}, language]",5
"[D, l{C}, l{D}]",1
"[I, data.frame, sC]",2
"[sD, D, I, data.frame, l{?}]",1
"[language, sC]",23
"[l{sS}, missing, sC, sS]",1
"[l{sE}, sF]",1
"[sC, sF, C]",6
"[X, raw_NA, sC, sD, sI]",1
"[l{C}, sC]",29
"[C, D, I, L, sC, sD, sI]",2
"[C, sS]",11
"[sD, M{D}, sX, M{X}]",3
"[l{?}, l{C}, l{D}, l{I}, l{L}, l{R}, l{l{?}}, l{sN}]",1
"[sC, sN, data.frame]",2
"[C, l{?}, l{l{?}}, l{sF}, sD]",1
"[sD, error]",5
"[I, M{D}, M{I}]",7
"[l{Y}]",21
"[sD, M{D}, M{I}, sL]",1
"[C, D, I, L, M{D}, l{?}, l{C}, l{D}, l{l{?}}, raw_NA, sC, sD, sI]",1
"[I, raw_NA, sD]",2
"[sS, M{D}, data.frame, l{?}]",1
"[X, sD]",3
"[error, l{?}, l{C}, l{language}]",1
"[M{C}, M{D}, M{I}, data.frame]",10
"[D, I, M{C}, M{I}, l{?}, l{C}, sS]",1
"[M{D}, sD, sF]",3
"[error, sC, sN]",6
"[l{C}, sE]",2
"[I, missing, sD, sI]",5
"[pairlist, sN]",3
"[sC, C, sN, l{l{?}}]",1
"[language, sF]",46
"[sS, C, D, M{I}, externalptr, I, language, M{C}, L, l{I}, l{C}, M{L}, data.frame, l{?}, M{D}, l{l{?}}, sC, sD, l{language}, sE, sF, sI, sL, l{D}, sN]",2
"[I, R, sC, sD, sI, sN, sR]",2
"[l{I}, l{C}, l{l{?}}, l{?}]",1
"[D, sL, sN]",3
"[C, D, I, data.frame, l{?}, l{C}, l{D}, sC, sD, sF, sI, sL]",1
"[l{sF}, sC, sF, sN]",1
"[language, sF, unevaled]",3
"[C, sL]",11
"[D, I, L, M{D}, M{I}, sD]",1
"[D, l{l{?}}, missing]",1
"[M{C}, M{D}, error]",1
"[C, D, I, L, sC, sD, sN]",1
"[sC, R, D, l{C}, data.frame, l{l{?}}, l{externalptr}, l{?}]",1
"[R, M{D}, M{I}]",1
"[C, M{C}, R]",1
"[Y, language, sD, sI, sL]",1
"[C, M{D}, D, M{I}, I, L, l{l{?}}, sC, l{sF}, l{I}, sD, sE, sF, sI, sL, l{D}, l{C}, M{L}, sN, raw_NA, data.frame, l{?}]",1
"[sE, l{l{?}}, l{?}]",4
"[l{sN}, sN, l{C}, l{?}]",2
"[D, Y, data.frame, externalptr, l{?}, raw_NA, sC, sD, sE, sF, sI, sL, sN]",1
"[D, I, M{D}, X, data.frame, sD]",1
"[error, sC, sL]",1
"[D, l{?}]",41
"[l{I}, l{language}, I]",1
"[language, sD]",4
"[arg13_t]",1
"[C, sC, sD, sL, sN]",1
"[M{D}, sD, sI]",4
"[M{D}, M{I}, error, sI]",1
"[sC, C, l{sN}, l{C}, sN, l{?}]",1
"[sC, sD, D, sI, sL, sN]",1
"[l{C}, sF]",2
"[D, I, L, sD, sI, sN, sS]",1
"[C, D, I, raw_NA, L]",2
"[sC, sD, sF, C, sL, I, language, sN, error, data.frame, l{l{?}}, l{?}]",1
"[sC, sD, l{I}, C, D, sI, sL, I, sN, L, l{?}]",1
"[C, D, I, L, sC, sD, sL]",1
"[C, sN]",257
"[I, l{?}]",17
"[D, I, raw_NA]",9
"[sD, M{D}, D, sI, M{I}, I]",1
"[l{C}, data.frame]",3
"[sS, M{D}, C, D, l{sS}, I, sC, l{I}, sD, sE, l{C}, data.frame, l{?}]",1
"[sS, C, D, I, language, error, l{l{?}}, sC, sD, sF, sI, sL, l{D}, sN, data.frame, l{?}]",1
"[l{?}, l{Y}, l{language}, l{l{?}}]",1
"[sS, sC, C, I]",1
"[sC, l{L}, C, l{C}, L, l{l{?}}]",1
"[C, error, raw_NA, sC]",1
"[Y, l{?}, l{Y}, l{language}, sN]",1
"[I, M{I}, data.frame, l{D}, sD]",1
"[arg3_t]",1
"[sC, l{L}, C, l{D}, l{C}, sN, l{?}]",1
"[I, L, sD, sN]",1
"[, l{C}]",2
"[sI, l{l{?}}]",1
"[l{sF}, sF, sI, sN, M{C}, error]",1
"[sC, error]",2
"[sC, sI, I]",1
"[I, raw_NA]",11
"[l{?}, l{D}, l{I}, l{l{?}}]",1
"[M{I}, I, data.frame, l{?}]",1
"[l{I}, C, l{C}]",1
"[sC, sD]",253
"[Y, language, sC, sD]",8
"[l{L}, l{D}, l{?}]",2
"[sF, sI, error]",1
"[sF, C, sN]",1
"[D, M{D}, data.frame, sD, sS]",1
"[C, l{?}, l{C}, l{l{?}}, l{sN}, sC, sN]",1
"[D, error, language, sE]",1
"[sC, sD, sF, C, sL, l{D}, l{l{?}}, l{?}]",1
"[I, data.frame, l{I}]",1
"[sS, sD, C, M{D}, D, M{I}, sI, I, data.frame, l{?}]",1
"[sD, D, l{l{?}}]",2
"[D, I, l{D}, sD]",1
"[l{sN}]",78
"[Y, language, pairlist, sN]",1
"[M{D}, sD, sL]",2
"[I, l{C}, l{D}]",1
"[l{?}, l{I}, missing]",1
"[D, sL, sS]",1
"[M{D}, D, M{I}]",9
"[l{I}, l{D}, l{C}, sN]",1
"[D, I, M{D}, l{D}, sD, sI]",1
"[l{language}, l{l{?}}, l{?}]",2
"[D, I, data.frame, missing]",1
"[C, D, I, error, raw_NA, sI, sL, sN]",1
"[C, D, I, L, Y, language, l{?}, l{language}, l{l{?}}, pairlist, sC, sD, sE, sF, sI, sL, sN, unevaled]",1
"[D, I, l{l{?}}, sD, sI]",3
"[M{D}, M{I}, M{L}, sD, sS]",4
"[l{promise}, l{?}]",1
"[sN, data.frame]",45
"[D, M{D}, sD, sI, sN]",1
"[l{I}, l{L}, l{D}, l{?}]",1
"[raw_NA]",1071
"[D, I, X, sD, sS, sX]",2
"[sD, sL, error]",1
"[D, data.frame, language]",1
"[C, sC, sE, sN]",1
"[M{D}, sD, sN]",14
"[D, missing, sD, sI]",1
"[D, M{I}, I, language, error, sC, sD, sE, sF, sI, sL, l{D}, sN, data.frame, l{?}]",3
"[sS, sD, M{D}, D, l{D}, data.frame, l{?}]",2
"[C, D, I, L, M{C}, M{D}, M{I}, X, data.frame, l{?}, l{C}, l{D}, l{I}, l{L}, l{l{?}}, l{sN}, raw_NA, sC, sD, sF, sI, sL, sN]",1
"[M{D}, M{I}, M{C}]",7
"[l{I}, l{L}, l{D}, l{C}, l{l{?}}, l{?}]",3
"[M{C}, M{R}, R, l{C}, l{R}]",1
"[l{L}, l{D}, l{C}, l{l{?}}, l{?}]",1
"[L, data.frame, l{?}, l{C}, l{D}, sL, sN]",2
"[sD, X]",1
"[D, I, l{?}, l{sF}]",1
"[D, I, sF, sN]",2
"[l{I}, C, D, I, l{D}, l{C}]",1
"[M{C}, data.frame]",14
"[l{?}, l{language}, sC]",2
"[sC, sD, C, D, sI, sL, I, sN, L]",2
"[l{I}, sI, l{?}]",1
"[D, I, M{D}, l{D}, sD, sN]",1
"[l{I}, data.frame]",5
"[error, expression]",1
"[language, error]",2
"[D, I, L, M{C}, M{D}, M{I}, data.frame, raw_NA, sD, sN]",1
"[sD, D, sL, L]",4
"[language, l{language}]",12
"[language, pairlist, sN]",1
"[l{?}, l{language}, sD]",1
"[sC, sE]",12
"[sC, sD, C, sI, l{l{?}}]",1
"[M{L}, missing]",1
"[sS, M{D}, M{I}]",1
"[D, missing, sD, sN]",1
"[M{X}, l{D}]",1
"[l{L}, l{D}, l{l{?}}]",1
"[D, M{C}]",3
"[sC, sF]",229
"[D, data.frame, raw_NA]",1
"[D, I, l{?}, sD]",2
"[language, sD, sF]",1
"[D, I, M{D}, l{D}]",4
"[D, I, M{D}, error]",3
"[sC, l{I}, l{L}, C, l{D}, l{C}, l{l{?}}, l{?}]",1
"[sC, sD, C, D, sI, I, sN, L]",1
"[arg10_t]",1
"[error, raw_NA, sD]",1
"[C, externalptr]",1
"[M{D}]",13254
"[D, I, L, M{C}, M{D}, M{I}, raw_NA]",1
"[error, l{I}]",3
"[l{?}, l{language}, sF]",1
"[C, I, M{D}, l{?}]",1
"[C, R]",3
"[sC, sS, raw_NA]",1
"[l{sF}, l{sN}, sN, l{?}]",1
"[M{D}, sD, sS]",9
"[C, D, I, data.frame, l{?}, l{C}, l{D}, l{I}, sC, sI]",1
"[l{L}, sL, L]",5
"[data.frame, raw_NA, sD]",1
"[sD, D, sI]",4
"[M{C}, M{D}, M{I}, sD]",1
"[sC, sD, sF, M{I}, sI, I, l{D}, error, l{?}]",1
"[D, l{sS}, M{C}, l{l{?}}, l{?}]",1
"[D, I, sC, sD, sI]",3
"[C, I, M{C}, M{D}, l{?}, sC, sI]",1
"[D, M{L}]",2
"[l{language}, language]",2
"[R, error, sR]",3
"[l{Y}, l{language}, l{l{?}}, sN]",1
"[data.frame, error, sN]",2
"[M{C}, l{l{?}}]",2
"[sD, D, raw_NA]",1
"[C, D, M{C}, data.frame, l{?}, l{C}, sC, sD, sE, sF, sI, sL, sN, sS]",1
"[sD, sI, l{?}]",2
"[D, sI, sL, I, L]",1
"[I, l{?}, l{l{?}}, l{sF}, sI]",1
"[I, l{C}, l{D}, l{sN}, sI]",1
"[M{D}, sL, l{D}, data.frame]",1
"[expression, l{?}, sC, sF, sL, sN]",1
"[l{L}, raw_NA]",1
"[sC, sD, l{Y}, l{L}, sF, l{C}, error, l{l{?}}, l{?}]",1
"[D, I, error, l{l{?}}, sD, sI]",1
"[sS, language, l{?}]",1
"[sD, R]",2
"[L, M{L}, raw_NA, sL, sS]",1
"[C, D, I, L, data.frame, l{l{?}}, pairlist, sD]",1
"[C, D, I, L, l{?}, raw_NA, sD, sN, sX]",1
"[D, sC, sD, sL, sN]",1
"[M{D}, M{I}, raw_NA, M{C}]",1
"[D, I, M{C}]",1
"[M{I}, M{L}]",6
"[D, I, M{D}, M{I}, M{L}, data.frame, l{?}, l{D}, l{I}, l{R}, l{language}, l{l{?}}, sE, sN, sS]",1
"[M{C}, unevaled]",1
"[sE, l{l{?}}]",1
"[M{C}, M{D}, M{I}, sI]",2
"[M{I}, l{?}, l{D}]",1
"[M{D}, M{C}, data.frame]",1
"[l{?}, l{C}, sN]",24
"[L, raw_NA]",13
"[M{D}, data.frame, language]",1
"[D, I, l{?}]",3
"[l{?}, l{C}, l{D}, l{I}, l{l{?}}]",7
"[l{?}, l{C}, l{sS}]",3
"[D, error, sD, sN]",1
"[sS, C, D, sX, externalptr, I, L, error, M{C}, R, X, data.frame, pairlist, l{?}, M{D}, sC, sD, sE, sF, sI, sL, l{D}, sN, raw_NA, sR]",1
"[sS, sC, C]",4
"[M{C}, M{L}]",1
"[C, L, missing, sC, sD, sI]",1
"[M{I}, M{L}, data.frame]",3
"[M{D}, l{D}, missing]",5
"[error, raw_NA, sN]",2
"[C, l{?}, l{D}, sC]",1
"[C, I, data.frame, l{?}, l{C}, l{D}, l{I}, l{L}, l{R}, l{Y}, l{language}, l{l{?}}, l{sF}, sC, sI, sN]",1
"[C, D, I, L, sC, sD, l{I}, sF, sI, sL, sN, data.frame, l{?}]",1
"[C, D, I, M{D}, M{I}, l{?}, l{sS}, sC, sD]",1
"[l{L}, l{sN}]",1
"[D, I, L, M{D}, M{L}]",2
"[l{?}, l{C}, l{language}, l{l{?}}]",1
"[D, I, sC, sD, sN]",2
"[D, I, M{I}, data.frame]",3
"[l{I}, l{C}, l{l{?}}]",1
"[C, D, I, data.frame, l{?}, sI]",1
"[sD, C, D, l{D}, l{C}]",1
"[M{D}, M{X}]",37
"[D, l{?}, l{D}, l{sN}, sD, sF, sN]",1
"[M{D}, D, M{I}, sI, I, data.frame]",1
"[l{?}, l{C}, l{expression}, l{l{?}}, l{sN}, sE]",1
"[sE, sI, unevaled]",1
"[C, I, M{D}, M{I}, l{?}]",2
"[C, D, I, L, M{C}, M{D}, M{I}, M{L}, data.frame, l{?}, sD, sS]",1
"[sC]",20611
"[C, l{?}, l{C}, l{D}, sC, sD, sN]",1
"[l{D}, l{L}, l{l{?}}]",2
"[D, I, M{D}, data.frame, sD]",4
"[C, Y]",1
"[l{I}, l{D}, l{C}, l{l{?}}, l{?}]",5
"[sI, unevaled]",2
"[l{sF}]",341
"[C, D, I, l{?}, sC, sD, sN]",1
"[sC, sD, C, D, sL, l{?}]",1
"[M{R}, R, l{R}]",1
"[M{C}, M{D}, R, sD, sR]",1
"[M{D}, D, l{D}, data.frame, l{?}]",1
"[l{?}, l{C}, l{D}, missing]",1
"[l{language}, l{l{?}}]",4
"[C, M{C}, l{l{?}}]",1
"[sC, R, l{l{?}}, l{?}]",1
"[D, sF, sN]",13
"[l{?}, l{language}, sN]",1
"[C, D, l{l{?}}, sC, sE, l{language}, l{L}, sF, l{sE}, l{sN}, sL, l{D}, sN, l{C}, data.frame, l{?}]",2
"[I, missing, sI]",5
"[sC, l{l{?}}, l{?}]",2
"[l{sF}, M{D}, C, D, M{I}, l{sE}, I, l{D}, M{C}, data.frame, l{l{?}}, l{?}]",1
"[C, D, sC, sD, sI, sL, sN]",2
"[language, l{language}, missing]",1
"[sE]",1513
"[D, I, L, externalptr, raw_NA, sD, sL, sN]",1
"[l{?}, l{C}, l{D}, l{language}, l{sN}]",1
"[C, M{D}]",5
"[sS, C, D, l{sS}, I, L, sC, sD, l{I}, sI, sN, raw_NA, l{?}]",1
"[sF, sL]",158
"[sN, data.frame, l{l{?}}, l{?}]",1
"[C, D, I, l{I}, missing, sD, sI]",1
"[D, L, M{D}, sS]",1
"[sS, sC, sD, M{D}, M{I}, sI, M{L}, M{C}, raw_NA]",1
"[l{?}, missing, sC]",1
"[D, I, sC, sI]",1
"[sD]",45219
"[C, D, M{D}, data.frame, error, l{?}, l{sF}, raw_NA, sC, sD, sF, sI, sL, sN, sS]",1
"[M{C}, sC, sD, sF]",1
"[C, L]",2
"[C, D, I, L, l{?}, l{C}, l{D}, l{l{?}}, raw_NA, sC, sD, sI]",6
"[C, D, I, M{I}, data.frame, language, l{?}, l{C}, l{D}, raw_NA, sC, sD, sE, sI]",1
"[sD, M{D}, sL, M{L}]",1
"[data.frame, l{?}, l{D}, l{I}]",1
"[M{D}, sI, I, l{D}]",1
"[C, l{?}, l{l{?}}, sC, sD]",1
"[D, error, raw_NA, sN]",1
"[sI, l{?}]",1
"[sD, D, sI, I, l{l{?}}]",1
"[I, error, sI]",4
"[D, I, data.frame, raw_NA]",1
"[sC, sD, M{D}, sI, sL, sN, l{?}]",1
"[sC, sR]",6
"[M{C}, M{D}, sC]",1
"[sF]",16735
"[sD, M{D}, l{sN}, M{C}, data.frame]",1
"[C, I, L, sS]",1
"[sC, sS]",11
"[C, I, L, missing]",1
"[sC, l{I}, C, D, sI, I, l{D}, l{C}, data.frame, l{?}]",1
"[sI]",4370
"[error, language, sN]",2
"[I, l{?}, sC, sD, sN]",1
"[M{I}, l{I}]",3
"[sS, unevaled]",11
"[D, I, sC, sD]",7
"[sC, sD, C, sF, sL]",1
"[sS, l{D}]",2
"[C, D, data.frame, language, l{?}, l{D}, sC, sN]",1
"[l{R}]",77
"[data.frame, l{C}]",5
"[C, D, I, L, l{?}, l{C}, l{D}, l{I}, l{sF}, l{sS}, raw_NA, sC, sD, sF, sI, sN, sS]",1
"[R, I]",2
"[l{?}, l{C}, sF]",1
"[l{?}, l{externalptr}, l{l{?}}, l{sN}]",5
"[D, I, M{D}, M{I}, sD]",4
"[sD, C, D, I]",1
"[l{?}, l{R}]",1
"[sC, C, M{C}, data.frame]",2
"[data.frame, l{D}, l{I}, l{l{?}}, l{sS}]",1
"[l{?}, l{l{?}}, raw_NA, sD, sF]",1
"[sS, I]",10
"[l{?}, l{D}, l{sE}]",1
"[C, D, I, L, l{sS}, sC]",1
"[C, l{R}]",1
"[sL, M{L}, L]",2
"[data.frame, sC]",11
"[C, I, L, M{D}, M{I}, data.frame, raw_NA]",1
"[C, D, I, M{C}, M{D}, M{I}, R, raw_NA, sC, sD, sI, sL, sN, sR]",1
"[L, missing, sC, sD]",1
"[D, I, raw_NA, sC, sD, sI, sN, sR]",2
"[l{sF}, l{D}]",2
"[C, I, raw_NA]",2
"[C, D, I, missing]",3
"[C, D, I, L, sD]",3
"[C, data.frame, l{?}, sC]",1
"[D, sN, l{l{?}}, l{?}]",2
"[D, I, L, M{L}, missing, sD, sI]",2
"[sS, L]",1
"[D, I, data.frame, missing, sC, sE]",1
"[D, I, l{D}, sN]",1
"[l{L}, l{C}]",1
"[Y, language, pairlist, sC]",1
"[sF, sN]",310
"[D, M{D}, data.frame, sD, sI]",1
"[D, unevaled]",33
"[C, D, I, missing, sC, sD, sI]",1
"[C, l{?}, l{C}, l{l{?}}, sC]",2
"[I, error, sD]",2
"[l{?}, l{C}, l{I}]",4
"[I, data.frame, l{?}, sD, sL]",1
"[sC, C, D, l{D}, l{?}]",1
"[l{I}, l{sE}, l{sN}, l{D}, l{C}, l{l{?}}, l{?}]",1
"[M{D}, C, D, M{I}, I, L, l{sF}, sC, sD, l{I}, l{L}, sF, sI, M{X}, X, sL, l{D}, sN, raw_NA, data.frame, l{?}]",1
"[I, l{?}, l{D}]",2
"[data.frame, missing, sC, sN]",1
"[error, raw_NA]",9
"[C, D, I, L, sN]",1
"[D, l{?}, l{D}, l{L}]",1
"[sL]",23984
"[R, C]",1
"[C, M{D}, D, M{I}, I, M{C}, l{l{?}}, l{sF}, l{I}, l{sE}, l{D}, data.frame, l{?}]",1
"[l{?}, l{D}, l{language}, sF, sN]",1
"[sC, M{D}, C, D, M{I}, I, l{?}]",1
"[sC, sL]",97
"[sD, M{D}, D, sI, I]",1
"[M{D}, l{l{?}}]",4
"[l{expression}, l{L}, l{language}, C, l{sN}, l{D}, l{C}, l{?}]",1
"[l{Y}, l{D}]",2
"[sC, sD, I, sL, sN]",1
"[M{R}, l{R}]",10
"[D, M{I}, I]",2
"[C, l{?}, l{C}, l{l{?}}, l{sN}, sC, sD, sN]",1
"[M{I}, M{C}]",3
"[M{D}, l{?}, l{D}, l{l{?}}, sD]",1
"[l{?}, l{C}, sC]",5
"[l{I}, l{D}, sN, l{C}]",1
"[sC, sI]",47
"[raw_NA, sD, sN, sR]",1
"[M{D}, M{I}, M{C}, data.frame]",1
"[sC, D, l{?}]",1
"[I, missing, sC]",4
"[l{sF}, sD, M{D}, l{D}, l{?}]",1
"[D, language, l{?}, l{D}]",1
"[error, missing, sC]",8
"[externalptr]",652
"[C, D, I, error]",5
"[C, I, M{C}, sC, sI]",1
"[sD, sI, I]",11
"[C, D]",77
"[C, D, I, data.frame, sC, sD, sL, sN]",1
"[sD, M{D}, M{I}, sI, M{C}]",2
"[error, l{?}, l{D}, l{l{?}}]",1
"[sS, sC, sD, C, D, sI, I, sN, L]",1
"[C, D, I, L, M{C}, raw_NA]",2
"[I, missing, sD]",9
"[sN]",13922
"[l{I}]",485
"[C, D, I, M{C}, M{D}, M{L}, data.frame, l{I}, sC, sD]",1
"[error, missing, sD]",15
"[M{L}]",153
"[M{D}, missing, sS]",4
"[sF, sS]",21
"[l{?}, l{C}, sE]",1
"[l{?}, l{D}, sC]",1
"[C, D, I, l{?}, l{C}, l{D}, l{I}, l{l{?}}, unevaled]",1
"[expression, language]",1
"[C, D, I, L, missing, sC, sD, sI, sL]",2
"[sC, sD, sE, D, sN, l{?}]",1
"[D, I, sC, sL]",1
"[M{L}, sC]",1
"[C, D, I, sC, sD, sI, sL]",1
"[C, sN, data.frame]",1
"[D, I, data.frame]",19
"[M{C}, M{D}]",25
"[data.frame, l{D}, l{l{?}}]",1
"[sD, sE, sN]",1
"[I, error, sN]",5
"[D, I, M{D}, data.frame, sS]",1
"[l{pairlist}, l{sN}]",1
"[D, l{?}, l{C}, l{D}, l{L}, sD, sN]",1
"[C, I, error]",2
"[C, l{C}, sC, sF, sN]",1
"[I, unevaled]",5
"[l{I}, missing]",3
"[C, D, I, sC, sD, sI, sN]",3
"[sS]",4728
"[l{I}, l{D}, sN, l{l{?}}, l{?}]",1
"[sS, l{I}, l{D}, l{C}, l{l{?}}]",1
"[M{D}, D, M{I}, M{C}]",1
"[C, l{?}, sC, sD, sI, sN]",1
"[l{?}, missing, sF]",1
"[l{C}, l{D}, l{I}, l{L}]",1
"[C, D, I, L, M{C}, M{D}, M{I}, l{?}, l{C}, sC, sD, sI, sL, sS]",1
"[C, M{D}, D, sX, M{I}, L, sC, sD, X, sL, l{D}, l{C}, l{?}]",1
"[sR]",19
"[sC, sN]",1041
"[sD, sN, unevaled]",3
"[l{?}, l{C}, l{D}, l{L}, sL]",1
"[C, sC, unevaled]",3
"[l{?}, l{C}, l{L}, l{sF}, l{sN}]",1
"[sS, sC, C, sN]",1
"[I, Y, language, pairlist, raw_NA, sC, sD, sI, sL]",1
"[C, M{D}, D, I, L, sC, sD, sI, sL, l{D}, l{C}, sN, data.frame, l{?}]",1
"[M{D}, M{I}, data.frame, sN]",2
"[sC, data.frame]",3
"[C, I]",134
"[C, I, L, error, sC, sD]",1
"[C, l{?}, sC, sD, sI, sL, sN]",1
"[C, D, I, data.frame, sC, sD, sI, sN]",1
"[D, l{?}, l{D}, pairlist, sD, sN]",1
"[D, I, l{D}, l{I}, sF]",1
"[C, I, M{D}, M{I}, data.frame, l{?}]",1
"[D, I, l{I}]",3
"[C, D, I, sC, sD, sN]",1
"[C, l{D}, l{l{?}}]",1
"[sD, sI, sN]",73
"[M{D}, sD, unevaled]",1
"[I, M{C}, M{D}, M{I}, l{?}]",1
"[D, I, data.frame, sL]",1
"[C, D, I, M{C}, M{D}, data.frame, l{?}, l{C}, l{D}, l{I}, l{L}, l{l{?}}, sC, sD, sN]",1
"[sC, sD, sE, sF, D, sI, l{sE}, sL, I, sN, l{C}, l{l{?}}]",1
"[C, sC, sI]",12
"[sC, M{D}, sN]",1
"[D, I, sI, sN]",3
"[C, D, I, L, X, l{L}, raw_NA, sC, sD, sL, sX]",2
"[I, l{?}, l{C}, l{I}, sD]",1
"[I, language]",1
"[D, raw_NA, sN]",4
"[sC, externalptr]",1
"[l{sF}, sN]",11
"[C, I, expression, sC]",2
"[externalptr, missing]",2
"[C, D, I, l{?}, l{I}]",1
"[M{C}, sN]",13
"[C, sC, sL]",5
"[error, data.frame, pairlist]",1
"[sC, sD, C, M{D}, X, sN, M{C}, l{l{?}}, l{?}]",1
"[D, I, l{D}, sD, sL]",1
"[D, I, M{C}, M{D}, error, raw_NA]",1
"[raw_NA, sD, sI]",9
"[sX]",86
"[C, I, L, sC]",3
"[C, D, L, M{D}, data.frame, raw_NA, sD]",2
"[sD, sI, sL]",6
"[l{language}, sN, error]",1
"[C, D, l{X}, M{I}, I, language, L, error, l{I}, R, M{X}, X, l{C}, data.frame, l{?}, M{D}, sC, sD, sE, sF, sI, sL, l{D}, sN, raw_NA]",1
"[R, l{R}, M{R}]",1
"[C, l{?}, missing]",1
"[C, D, I, L, sC, sS]",2
"[sC, C, D, sN, L]",1
"[D, I, externalptr, raw_NA, sD, sL, sN]",1
"[error, language, raw_NA, sD, sF, sN]",1
"[expression, sD, sI]",1
"[C, D, I, L, l{?}, l{C}, l{D}, l{l{?}}, raw_NA, sC, sD, sI, sN]",1
"[C, sC, sF]",40
"[M{D}, D, I, data.frame]",2
"[D, M{C}, M{D}]",2
"[I, M{C}, M{D}, M{I}, data.frame, l{?}]",1
"[M{C}, error, sC]",3
"[error, l{sF}]",2
"[l{?}, l{l{?}}, missing, sN]",1
"[C, Y, language, l{?}, l{l{?}}, sC, sD, sF, sN]",1
"[M{D}, data.frame, sD]",1
"[I, M{D}, sN]",4
"[data.frame, l{?}, sC, sD]",1
"[sE, sF, sL, l{?}]",1
"[D, error, missing]",13
"[I, data.frame, l{?}, sF]",2
"[C, D, sC, sD, sF]",2
"[C, I, missing, sC, sI, sL]",1
"[l{?}, l{C}, l{D}, l{I}, l{l{?}}, l{sN}]",1
"[C, I, language, sC]",1
"[D, I, L, M{D}, M{I}, data.frame, l{?}, l{D}, l{I}, l{l{?}}, sD, sI, sL, sS]",1
"[D, sD, sF, unevaled]",1
"[sC, sD, C, D, sI, sL, I, L]",3
"[C, D, M{I}, sC, sE, sF, sI, sL]",1
"[M{D}, data.frame, sC]",1
"[D, M{D}, R, sR]",1
"[D, I, raw_NA, sD, sI]",7
"[C, I, missing, sC, sD]",1
"[C, D, I, sC, sD, sI]",8
"[D, I, M{D}, M{I}, data.frame, language, l{?}, l{D}, l{I}, l{l{?}}, raw_NA, sD, sF, sN, sS, unevaled]",1
"[sC, sD, C, D]",2
"[D, I, sI, sS]",4
"[sD, M{D}, M{X}]",2
"[sC, l{l{?}}]",1
"[D, l{?}, raw_NA]",1
"[M{D}, C, D, M{I}, I, M{C}, L, l{l{?}}, sC, sD, l{I}, sI, sL, l{C}, sN, raw_NA, data.frame, l{?}]",1
"[M{D}, data.frame, sF]",4
"[sD, M{D}, data.frame]",2
"[l{sF}, sS]",3
"[sI, M{I}, I]",1
"[sC, sD, M{D}, D, sL]",1
"[raw_NA, sD, sF]",1
"[data.frame, l{?}, l{C}, l{D}, l{I}, l{Y}, sE]",1
"[I, l{?}, l{C}, l{I}, l{l{?}}, sI]",1
"[D, I, data.frame, sS]",1
"[C, D, sC, sD, sI]",2
"[l{pairlist}]",1
"[C, raw_NA]",22
"[error, missing, sC, sN]",1
"[l{D}, l{C}, sN, l{?}, l{externalptr}]",1
"[M{R}, sN]",1
"[C, I, data.frame, l{C}, sC]",1
"[sC, l{I}, C, D, l{sS}, M{I}, sI, sL, I, L, M{C}, l{?}]",1
"[I, l{I}, l{l{?}}, sS]",1
"[C, sC, sS]",12
"[D, M{D}, data.frame, raw_NA, sF, unevaled]",1
"[C, D, I, data.frame, error, sN]",1
"[l{?}, l{I}, l{language}, l{l{?}}, l{sN}]",1
"[C, D, sC, sD, sI, sN]",1
"[I, L, sD, sI, sL]",3
"[error, sD, sI]",33
"[l{?}, sD, sN]",4
"[sC, sD, D, l{D}]",1
"[D, error, sC]",3
"[l{sF}, l{l{?}}]",3
"[l{sF}, sD, sF]",1
"[l{D}, raw_NA, sC, sN]",1
"[M{C}]",421
"[D, l{I}]",1
"[M{L}, M{C}]",1
"[C, l{l{?}}, l{?}]",2
"[sN, l{?}]",81
"[sC, language]",8
"[C, D, I, L, sC, sI]",2
"[sC, sD, M{C}]",1
"[I, M{D}, data.frame]",3
"[sD, sF, sI, sN]",5
"[M{L}, data.frame]",21
"[error, l{externalptr}]",1
"[M{C}, sF]",8
"[sS, C, sI, I]",1
"[data.frame, l{?}, l{D}]",4
"[C, I, data.frame, error, sC, sD]",1
"[sD, l{pairlist}, l{sN}, sL, sN, data.frame]",1
"[C, D, I, L, l{I}, l{Y}, raw_NA, sC, sD, sI, sL, sS]",1
"[language, missing]",8
"[sD, sF, sI, error]",1
"[D, I, sD, sI, unevaled]",3
"[C, D, I, L, raw_NA, sC, sD, sI, sL]",4
"[I, sD, sI, sL, sN]",2
"[C, sC, sN]",167
"[error, sD, sF]",5
"[sS, l{l{?}}]",2
"[l{?}, l{C}, l{I}, l{l{?}}]",1
"[sD, sI, sR]",1
"[sD, l{D}]",29
"[C, D, error, sC, sD, sI]",1
"[C, D, sC, sD, sN]",5
"[D, error, sF]",1
"[sD, C, M{D}, D, I, L, l{l{?}}]",1
"[C, L, sC, sD, sL]",1
"[l{?}, l{C}, l{D}, missing, sD]",1
"[C, D, I, M{D}, M{I}, data.frame, l{?}, l{D}, sF]",1
"[D, l{?}, unevaled]",1
"[Y, language, raw_NA, sC, sD, sF]",1
"[l{sN}, l{l{?}}]",1
"[sD, sI, sS]",1
"[l{D}, sN, l{C}, l{externalptr}, l{?}]",1
"[M{C}, sC]",12
"[C, M{C}, R, l{R}]",1
"[L, error, sF]",1
"[l{Y}, sC, sN]",1
"[M{D}, data.frame, sN]",11
"[D, data.frame, l{D}, l{I}]",1
"[C, D, I, L, sC, sD, sI, sL, sN, sS]",1
"[l{?}, l{C}, l{D}, l{I}, l{l{?}}, sI]",1
"[C, D, error, sC]",1
"[sD, D, X]",1
"[data.frame, l{?}, sC, sN]",1
"[D, error, sD]",29
"[C, l{?}, l{C}, l{l{?}}, l{sN}, sC, sL, sN]",1
"[l{C}, sN, l{l{?}}, l{externalptr}, l{?}]",1
"[C, D, sC, sD, sL]",2
"[C, unevaled]",3
"[M{I}, sI, I]",2
"[l{I}, l{Y}, l{L}, l{language}, D, I, l{D}, l{C}, data.frame, l{l{?}}, l{?}]",1
"[I, M{D}, sC]",1
"[D, I, data.frame, sN]",1
"[C, D, I, l{D}, sD, sS]",1
"[D, I, sI, sL]",1
"[I, l{sN}, sC, sD, sF, sI, sN]",3
"[l{C}, sC, sN]",3
"[C, D, I, M{D}, M{I}, l{?}, l{sS}, sC, sD, sS]",1
"[sC, sD, D, sI, I, raw_NA]",1
"[sN, sR]",1
"[sD, M{D}, D, M{I}, I, L, raw_NA, M{C}]",2
"[arg18_t]",1
"[sD, M{D}, D, I, l{D}, data.frame, l{?}]",1
"[sC, sD, sL, sN, data.frame]",1
"[D, I, error, sI, sN]",1
"[Y, pairlist, sD, sN]",1
"[sC, sD, sI, sL, sN, l{l{?}}]",1
"[D, error, unevaled]",1
"[data.frame, l{?}, l{C}, l{D}, l{I}]",3
"[sC, sD, C, sI, I, sL, sN]",1
"[C, D, I, L, raw_NA, sC, sD, sI, sS]",3
"[l{C}, l{l{?}}, sC, sN]",3
"[C, l{C}, sC, sD, sI]",1
"[l{externalptr}, missing, sC, sF]",1
"[l{?}, sI, sS]",1
"[sS, sD, D]",3
"[C, data.frame, sC, sN]",3
"[M{X}, X]",2
"[l{D}, sF]",12
"[missing, sF, sN]",1
"[I, sC, sS]",2
"[D, I, L, raw_NA]",1
"[l{?}, l{D}]",259
"[D, I, sD, sR]",1
"[I, M{L}, sD]",1
"[M{D}, M{I}]",362
"[M{D}, sN, sS]",2
"[D, I, L, M{C}, M{D}, M{I}, data.frame, l{?}, raw_NA]",1
"[C, I, L]",1
"[sN, sS]",59
"[D, I, data.frame, language, sC]",1
"[l{sN}, sD]",1
"[l{I}, l{sN}, l{C}, l{?}]",1
"[C, D, I, raw_NA, sD]",1
"[D, I, M{C}, M{D}, M{I}, data.frame, error, sN, sS]",1
"[l{?}, l{externalptr}]",1
"[l{?}, l{C}, l{D}, l{I}, l{l{?}}, sN]",1
"[C, I, L, missing, sC, sD, sI]",1
"[l{C}, l{D}, l{I}]",2
"[sL, unevaled]",11
"[sF, sL, unevaled]",6
"[sC, sD, D, sN, M{C}, error, l{?}]",1
"[C, D, I, raw_NA, sC, sD, sI, sL, sN]",1
"[l{?}, l{D}, l{Y}, l{language}, pairlist]",1
"[D, I, sD, sS]",1
"[C, D, I, data.frame, l{?}, l{D}, l{sN}, sC, sF, sL, sN]",1
"[l{sN}, sC]",1
"[C, D, I, raw_NA, sC]",2
"[l{sE}]",38
"[I, M{C}, M{I}, sF, unevaled]",1
"[R, l{R}, M{R}, sR]",1
"[sE, D, l{D}]",1
"[L, M{I}]",1
"[sC, C, l{?}]",4
"[D, M{D}, M{I}, M{X}, X, sD]",2
"[I, l{I}, l{l{?}}, sI]",1
"[l{sN}, sF]",1
"[I, data.frame, missing]",1
"[D, M{D}, raw_NA]",3
"[C, D, I, L, raw_NA]",2
"[language, l{language}, sC, sN]",1
"[C, I, l{?}, sC, sD, sF, sI, sL, sN]",1
"[C, data.frame, language, sI, sL]",1
"[l{Y}, l{?}]",5
"[D, M{D}, l{D}]",7
"[sD, sE, D, l{C}, l{l{?}}, l{?}]",1
"[sS, M{L}]",2
"[l{C}, l{L}, l{l{?}}, l{sN}, sE]",2
"[L, missing]",6
"[C, l{R}, l{l{?}}, l{?}]",1
"[l{D}, l{l{?}}, l{sS}]",1
"[error, l{sN}]",1
"[language, l{?}, sL]",1
"[D, raw_NA, sC]",1
"[sC, C, l{C}, sN, l{l{?}}, l{?}]",2
"[sF, sL, sN]",5
"[missing, sF, sI]",1
"[weakref]",2
"[D, X, l{?}, l{D}, l{l{?}}]",1
"[arg15_t]",1
"[D, I, sD, sN]",10
"[C, sC, sD, sI, sN]",3
"[C, I, l{?}, l{sS}, sS]",1
"[sI, I, data.frame]",1
"[M{D}, data.frame, sS]",6
"[D, raw_NA, sF, sN]",2
"[error, l{?}, l{C}, l{I}]",1
"[l{C}, l{D}, missing]",1
"[sD, M{D}, D, l{l{?}}]",1
"[C, D, I, L, l{?}, l{I}, l{sS}, raw_NA, sC, sD, sI, sN, sS]",1
"[data.frame, error, sC, sD, sF]",1
"[sC, sD, C, M{D}, D, sI, I, l{D}, l{C}, L, raw_NA, l{l{?}}]",1
"[data.frame, sF, sN, unevaled]",5
"[sD, sX, unevaled]",1
"[l{?}, l{C}, l{l{?}}, l{sE}, raw_NA, sC, sD, sI]",1
"[D, sL, I, L]",1
"[sS, sD, M{D}]",6
"[D, I, M{D}, M{I}, data.frame, sD, sI]",1
"[externalptr, sS]",1
"[error, l{C}, sN]",1
"[sD, sE, sF, sN]",3
"[l{sE}, l{l{?}}, l{?}]",1
"[l{sF}, C, l{sN}, l{D}, l{C}, l{l{?}}, l{?}]",1
"[C, D, sI, I]",1
"[data.frame, l{D}]",13
"[C, D, I, L, raw_NA, sC, sD]",2
"[C, M{C}, data.frame, sC]",1
"[sC, sD, C, sF, M{D}, sI, sN]",2
"[sC, M{D}, C, M{I}, sI, sL, sN, raw_NA, data.frame, l{?}]",1
"[l{?}, l{C}, l{Y}]",2
"[D, raw_NA, sD]",15
"[sN, error]",2
"[D, I, M{D}, l{C}, sD, sI]",1
"[l{Y}, l{language}, l{D}, l{?}]",1
"[C, I, M{D}, M{I}, missing]",1
"[M{D}, error, l{D}]",1
"[l{sF}, sC]",1
"[D, M{D}, M{I}]",16
"[arg8_t]",1
"[l{L}, C, l{sN}, sN, error, data.frame]",1
"[D, sI, I, sN]",1
"[sD, D, I]",23
"[sC, sI, sL]",1
"[raw_NA, L]",3
"[C, D, raw_NA]",5
"[l{I}, l{L}, l{D}, l{l{?}}, l{?}]",1
"[C, R, sC]",2
"[C, D, L, l{l{?}}]",1
"[M{L}, L, raw_NA]",1
"[error, raw_NA, sC]",1
"[C, D, I, sD, sX]",2
"[D, l{l{?}}]",7
"[I, l{C}, l{D}, l{I}]",1
"[D, L, sD, sL, sN]",1
"[D, l{D}, l{?}]",4
"[D, I, L, M{C}, M{D}, M{I}, raw_NA, sD]",1
"[D, I, data.frame, sD]",1
"[sC, sD, sE, sF, D, sI, l{sE}, I, sL, l{C}, sN, l{l{?}}]",1
"[D, M{D}, sF, unevaled]",1
"[D, raw_NA, sF]",1
"[I, l{I}, l{sN}]",1
"[l{C}, sC, sD, sL, sN]",1
"[C, D, I, sC, sI, sS]",2
"[l{?}, l{externalptr}, l{l{?}}]",2
"[Y, language, l{C}, sC, sD]",1
"[l{C}, l{l{?}}, sC]",1
"[D, M{D}, unevaled]",3
"[C, D, I, M{D}, M{I}]",1
"[data.frame, l{?}, l{L}]",2
"[l{sF}, sF]",18
"[D, I, data.frame, error]",1
"[l{?}, l{C}, l{sN}]",7
"[externalptr, sN]",13
"[sD, M{D}, D, sX, M{X}, X]",1
"[data.frame, l{?}, l{C}, l{D}, l{I}, l{l{?}}, sN]",1
"[R, l{?}, l{C}, sC, sD, sF, sI, sL, sN]",1
"[sC, sD, sE, sF, l{sE}, sN, l{l{?}}]",1
"[l{?}, l{language}]",16
"[l{I}, l{L}, l{D}, l{C}]",1
"[missing, sF, sS]",1
"[M{C}, M{D}, M{I}, M{L}, M{R}, M{X}]",1
"[D, M{D}, sN, sS]",1
"[C, I, data.frame, l{C}, l{l{?}}, sC, sI]",1
"[I, sD, sF]",2
"[l{D}, l{I}, sN]",3
"[l{Y}, sN, l{C}]",1
"[l{?}, l{sE}, l{sF}, sC, sE, sF]",1
"[language, l{?}, sC]",1
"[l{sN}, l{C}, sN]",1
"[C, D, raw_NA, sC, sD]",2
"[I, sC, sF, sN]",1
"[sC, sI, raw_NA]",1
"[sS, sC]",1
"[C, missing, sC, sF, sN]",1
"[l{D}, sC]",5
"[D, data.frame]",119
"[C, l{Y}, sC]",2
"[l{sF}, l{?}]",21
"[M{D}, D, sI, M{I}, I, L, raw_NA]",1
"[error, language, sD, sF, sL]",1
"[l{D}, sD]",13
"[D, I, L, M{I}, data.frame, l{?}, l{D}, raw_NA, sC, sD, sF, sN, sR]",1
"[sS, sD]",1
"[sD, M{I}, I, data.frame, l{?}]",1
"[sS, l{I}, M{D}, M{C}, data.frame, l{?}]",1
"[sF, l{sS}]",1
"[sC, C, sI, l{sN}, I, l{C}, l{?}]",1
"[D, I, externalptr, sC, sD]",1
"[I, error, missing]",4
"[I, l{language}, sI]",1
"[sF, D]",2
"[sL, M{L}, raw_NA, L]",3
"[C, D, l{I}, sC, sN]",1
"[l{D}, sE]",1
"[C, D, I, L, M{D}, M{I}, M{X}, R, X, Y, data.frame, language, l{?}, l{C}, l{D}, l{I}, l{X}, raw_NA, sC, sD, sE, sF, sI, sL, sN]",1
"[sS, sE]",1
"[L, R, sR]",1
"[l{?}, l{I}, l{sN}]",1
"[l{?}, l{Y}, sF]",1
"[I, M{D}, sS]",1
"[M{D}, D, raw_NA]",1
"[D, M{C}, data.frame, l{?}]",5
"[I, sD, sI]",66
"[M{I}, unevaled]",1
"[C, sN, sS]",1
"[Y, language, raw_NA, sC, sD]",1
"[sE, l{sE}]",2
"[l{C}, l{I}, l{l{?}}]",3
"[C, D, sC, sD, sE, sF, sL]",1
"[error, sI, sN]",2
"[M{C}, M{D}, data.frame]",3
"[sS, sN]",7
"[data.frame, l{D}, l{I}, sN]",1
"[D, sD, sL]",3
"[sC, C, data.frame]",1
"[l{?}, l{D}, l{L}, sN]",4
"[Y, language, sD]",10
"[C, D, I, L, M{C}, M{D}, M{I}, R, X, Y, data.frame, error, expression, externalptr, language, l{?}, l{D}, l{I}, pairlist, raw_NA, sC, sD, sE, sF, sI, sL, sN, sR, sS, sX]",1
"[D, I, L, M{C}, M{D}, M{L}, raw_NA, sC, sD]",1
"[D, I, missing, sD, sI]",4
"[raw_NA, sC, sF, sN]",1
"[C, error, language, l{?}, l{D}, l{l{?}}, sC, sD, sE, sF, sL, sN]",1
"[sC, sD, C, D, sI, sL, I, L, raw_NA]",1
"[l{R}, sN]",1
"[l{?}, l{L}]",39
"[D, R, sD]",4
"[sD, M{D}, D, sI, I, l{D}]",1
"[sC, sD, sF, language, error, data.frame, l{?}]",1
"[Y, language, sC]",6
"[C, I, M{D}, R, data.frame, language, l{?}, l{C}, l{D}, l{language}, l{l{?}}, sC, sD]",1
"[l{sN}, l{D}, l{C}]",1
"[..., D, Y, l{?}, sC, sD, sL, sN]",1
"[l{sF}, l{I}, l{sE}, l{D}, l{l{?}}]",1
"[D, sD, sI, sN]",4
"[C, l{C}, sF]",1
"[M{D}, raw_NA]",18
"[C, D, I, error, sD]",1
"[I, error, missing, sD, sI]",1
"[D, I, R, sD, sR]",1
"[sS, sC, C, sI, I, M{C}, data.frame]",1
"[l{I}, D, l{D}, l{C}]",1
"[L, data.frame]",1
"[L, sI]",1
"[D, I, l{C}, sC, sS]",1
"[M{D}, M{I}, M{L}, data.frame, sS]",1
"[sS, C, D, I, language, error, L, sC, sD, sF, sI, l{sN}, sL, sN, raw_NA, data.frame, pairlist, l{?}]",1
"[D, I, L, error, missing]",1
"[D, sD, sN]",150
"[l{Y}, l{language}, sF]",1
"[C, D, I, M{D}, data.frame, l{?}, l{C}, l{I}, l{sS}, sC, sD, sE, sS]",1
"[D, M{D}, sC, sD, sN]",1
"[sL, raw_NA, L]",4
"[l{?}, l{L}, l{sN}, sN]",1
"[sN, l{C}, l{l{?}}, l{?}]",1
"[D, missing, raw_NA]",1
"[l{L}, l{D}, l{C}, sN, l{l{?}}, l{?}]",1
"[C, D, I, sD, sI, unevaled]",1
"[C, D, I, L, M{C}, M{D}, M{I}, M{L}, data.frame, language, l{?}, l{C}, l{D}, l{l{?}}, pairlist, sC, sD, sF, sI, sL, sN, sS]",1
"[l{?}, l{C}, l{D}, l{I}, l{L}, l{l{?}}, l{sN}]",2
"[l{?}, l{C}, l{D}, l{I}, l{L}, l{l{?}}, l{sN}, sN]",3
"[sC, C, sN, l{C}, l{?}]",1
"[C, D, I, error, sF]",1
"[externalptr, sF]",28
"[I, sD, sN]",16
"[sC, sD, M{D}, l{D}, sN]",1
"[D, error, missing, sN]",1
"[sC, sD, sL, data.frame]",1
"[M{C}, sF, sN]",5
"[data.frame, l{?}, l{C}, l{D}]",1
"[sD, M{D}, D, M{I}, I, raw_NA, L, M{C}]",1
"[sS, M{D}]",14
"[D, sD, sI, sL]",1
"[l{sF}, l{l{?}}, l{?}]",5
"[sC, C, sL, L, l{?}]",1
"[data.frame, missing, sC]",1
"[C, D, I, M{C}, M{D}, data.frame, l{l{?}}, sC, sD, sI, sN, sS]",1
"[data.frame, language, l{?}, sD]",1
"[I, data.frame]",35
"[M{D}, l{?}, sD]",1
"[I, sC, sF]",1
"[sD, M{D}, D, l{D}]",5
"[C, D, I, L, data.frame, l{?}, l{C}, l{D}, l{I}, sI]",1
"[C, L, sC, sI]",1
"[l{I}, sN, l{?}]",2
"[D, L, sN]",3
"[C, l{C}, sC, sF]",1
"[sC, sD, sF, unevaled]",1
"[raw_NA, sL]",46
"[C, D, I, l{D}, sC, sD, sS]",1
"[D, language]",3
"[L, sL]",59
"[C, l{C}, sC]",7
"[l{I}, l{sN}, l{C}, l{l{?}}]",1
"[l{language}, l{C}]",2
"[sC, sD, D, sI, M{I}, raw_NA]",1
"[L, error]",5
"[l{?}, l{D}, l{language}, sF]",1
"[D, data.frame, sD, sI]",2
"[D, L, sL]",1
"[sD, M{D}, sI, raw_NA]",1
"[Y, language, pairlist, sD, sL, sN]",3
"[l{?}, l{l{?}}, l{sF}]",4
"[C, I, missing]",4
"[sS, sL]",1
"[I, sC, sD]",6
"[sF, error]",1
"[C, I, l{C}]",2
"[sC, sF, sL, sN]",1
"[C, M{D}, D, M{I}, I, M{L}, M{C}, L]",1
"[D, error, raw_NA]",2
"[C, I, M{C}]",2
"[C, I, data.frame, l{?}, l{C}, l{D}, l{I}, l{l{?}}, l{sS}, sC, sE, sS]",1
"[sC, R]",1
"[raw_NA, sN]",16
"[externalptr, sC]",11
"[L, sN]",15
"[M{C}, M{D}, missing]",1
"[sC, C, sN, l{?}]",3
"[C, D, I, sD, sN]",1
"[D, sD, sI]",29
"[l{L}, missing]",2
"[D, M{D}, M{I}, M{L}, sD]",1
"[l{sE}, l{?}]",8
"[C, D, I, L, R, X]",4
"[I, sD, sS]",1
"[R, sC]",16
"[sD, C, D, sI, I, sL, raw_NA, L]",1
"[C, l{?}, sC, sF]",2
"[l{I}, l{Y}, l{L}, l{sS}, l{sN}, l{D}, l{C}, l{l{?}}, l{?}]",1
"[C, M{I}, I]",1
"[sD, D, sI, I]",14
"[D, l{D}, sN, unevaled]",1
"[D, I, sD, sI]",82
"[M{D}, l{I}, sD]",1
"[I, L, M{L}, sC]",1
"[l{D}, sN]",171
"[D, M{I}, raw_NA, sC, sD, sI]",1
"[I, L, missing, sD]",1
"[C, l{C}, sN]",1
"[R, sD]",1
"[I, sC, sI]",4
"[I, sC, sL, sN]",1
"[C, sC, sF, sN]",6
"[M{D}, D, I, M{C}]",1
"[sC, sD, sI, sL]",8
"[l{sF}, l{D}, l{l{?}}]",1
"[D, l{l{?}}, sC, sD]",1
"[C, D, I, error, l{D}, sF]",1
"[sC, sD, C, D, sI, I, sN, l{?}]",1
"[C, D, I, L, M{D}, M{I}, X, l{?}, l{C}, l{D}, sC, sD, sL, sX]",1
"[sN, data.frame, l{?}]",1
"[l{Y}, l{language}, sN]",1
"[I, L, M{L}, sD]",1
"[C, l{C}, sC, sI]",1
"[D, error, missing, sD]",7
"[sC, sN, raw_NA]",1
"[R, raw_NA, sC, sD, sI, sN, sR]",5
"[C, l{?}, sC, sD]",1
"[sS, sD, M{D}, M{I}, M{L}]",1
"[sC, pairlist]",1
"[sI, raw_NA]",5
"[D, l{?}, l{D}, sD, sN]",1
"[D, I, sD, sL]",1
"[l{D}, l{language}]",1
"[M{D}, l{?}, sN]",1
"[D, X]",16
"[sC, sD, C, D, sI, I, l{D}, sN, raw_NA, L, l{l{?}}]",1
"[C, l{?}, l{C}, l{D}, l{I}, l{L}, l{l{?}}, sC]",1
"[l{l{?}}, l{sS}]",1
"[D, data.frame, language, sD]",1
"[I, L, sC, sL]",1
"[l{sN}, sN]",9
"[D, data.frame, error]",1
"[l{sN}, l{?}]",13
"[raw_NA, sI]",13
"[Y, language, sC, sD, sL, sN]",1
"[C, D, I, sD, sI]",1
"[C, language, l{Y}, l{language}, sC]",1
"[C, M{I}, sI, I, sN]",1
"[, error]",1
"[D, I, l{?}, sD, sI]",1
"[Y, language, l{?}, pairlist, raw_NA, sC, sD, sF, sL, sN]",1
"[sC, sD, l{C}, sN]",1
"[raw_NA, sD]",143
"[l{?}, sC, sD, sL, sN]",1
"[l{?}, l{language}, l{l{?}}]",1
"[D, R, sR]",1
"[C, l{C}, sC, sN]",2
"[l{L}, sL]",2
"[sC, sD, sL, raw_NA]",1
"[sC, l{C}, l{?}]",2
"[l{?}, l{D}, l{language}, sN]",1
"[sI, M{I}]",3
"[data.frame, l{l{?}}, sE]",3
"[raw_NA, sC]",88
"[C, l{C}, l{D}, sC]",3
"[l{I}, l{language}, l{sN}, l{D}, l{C}, l{l{?}}, l{?}]",1
"[language, l{?}, sS]",1
"[l{sS}, sD, sF]",1
"[D, I, missing, sD, sL]",1
"[C, D, data.frame, l{?}, l{C}, l{D}, l{I}, l{language}, l{l{?}}, sC, sI]",1
"[sS, C, M{D}, D, I, language, L, error, M{C}, l{l{?}}, sC, sD, l{language}, sF, sI, sL, l{D}, l{C}, sN, raw_NA, data.frame, l{?}]",1
"[D, L, sD]",4
"[C, D, I, M{D}, M{I}, sC]",1
"[I, sC, sN]",7
"[M{C}, M{D}, M{I}, M{R}, data.frame, raw_NA, sD, sI, sS, unevaled]",1
"[raw_NA, sF]",6
"[D, sD, sS]",2
"[M{C}, l{D}]",4
"[D, M{D}, data.frame, missing]",1
"[sD, l{C}]",1
"[M{D}, D, M{I}, I, raw_NA]",1
"[sC, C, M{D}, D, M{I}, I, l{?}]",1
"[arg5_t]",1
"[D, L, sC]",1
"[C, D, sD, sE, sN]",2
"[sF, l{l{?}}]",3
"[M{D}, M{I}, l{?}, sC]",1
"[C, D, I, L, unevaled]",1
"[C, D, I, L, M{D}, M{I}, M{L}, data.frame, l{?}, l{C}, l{D}, l{I}, l{l{?}}, l{sF}, raw_NA, sC, sD, sE, sF, sI, sL, sN]",1
"[raw_NA, sE]",2
"[D, sD, sR]",1
"[l{?}, l{sE}, sE, sN]",1
"[M{D}, sF, unevaled]",9
"[D, I, L, X, sC]",1
"[l{I}, sN, l{C}, l{?}]",1
"[l{C}, l{I}]",8
"[raw_NA, sC, sD, sI, sR]",1
"[C, l{?}, sC, sN]",2
"[C, sC, sD, sF, sI, sL, sN]",2
"[l{R}, l{D}]",1
"[C]",4520
"[l{I}, l{sN}, l{C}]",1
"[I, M{D}, M{I}, M{L}, data.frame, sS]",1
"[D, M{C}, M{D}, M{I}, sC, sD, sI]",1
"[l{?}, l{C}, l{D}, l{I}, l{sN}]",1
"[C, l{?}, sC]",7
"[sS, D, sI, I]",2
"[sF, l{R}]",1
"[C, D, L, l{l{?}}, sC, sL]",1
"[data.frame, l{D}, l{sN}]",1
"[l{I}, sI, l{l{?}}, l{?}]",3
"[l{?}, l{l{?}}, pairlist]",1
"[l{?}, l{sF}, sF]",1
"[l{Y}, l{language}, l{C}]",1
"[D]",21001
"[data.frame, error, sC, sE]",1
"[D, L, R]",1
"[sE, unevaled]",13
"[C, sI, sN]",2
"[C, D, I, L, missing, sC, sD, sI]",1
"[D, l{?}, l{D}]",5
"[language, l{?}]",7
"[C, L, sC, sD, sL, sN]",1
"[L, sL, sN]",3
"[C, l{?}]",19
"[sC, sD, M{D}, C, sF, sI, sN]",1
"[l{l{?}}, l{externalptr}]",1
"[M{D}, l{C}]",1
"[C, l{?}, l{C}, l{sN}, sN]",1
"[l{sE}, unevaled]",1
"[l{?}, l{C}]",142
"[C, I, l{?}, sD, sE, sN]",1
"[C, D, I, l{D}, l{l{?}}]",1
"[D, I, M{I}, data.frame, l{D}, l{I}]",1
"[D, M{I}]",7
"[l{L}, sN]",10
"[C, l{?}, sD]",1
"[I, L, sI, sL]",1
"[I, L, missing, sI]",1
"[l{I}, D, l{?}]",1
"[sC, sN, sS]",1
"[M{D}, D, L]",2
"[data.frame, missing, sN]",2
"[l{C}, l{D}, l{I}, l{l{?}}, sF]",1
"[M{D}, data.frame, missing]",3
"[C, l{?}, l{C}, sC, sN]",1
"[l{sS}, l{D}]",2
"[I, l{I}]",5
"[sI, I, sN]",7
"[D, I, M{D}, data.frame]",7
"[sC, sS, C, D, I, L]",1
"[sD, D, sX, X]",2
"[C, l{C}, l{D}, sC, sN]",1
"[language]",834
"[l{C}, l{l{?}}]",28
"[D, R]",4
"[D, error, sN]",1
"[D, X, sN]",1
"[I, M{I}, l{I}]",2
"[data.frame, language]",3
"[M{D}, l{?}, l{D}, raw_NA, sD]",1
"[C, D, l{C}, l{l{?}}, sC]",2
"[sC, sD, C, D, sI, I, l{C}]",1
"[sC, sD, C, D, sL, L]",1
"[I, L, M{L}, missing, raw_NA, sD, sI]",1
"[error, sD, sN]",4
"[C, D, I, l{D}, data.frame, l{l{?}}]",1
"[M{X}, unevaled]",1
"[Y, expression, language]",1
"[M{D}, l{D}, l{l{?}}]",1
"[language, sC, sF]",1
"[M{D}, l{?}, l{D}, sN]",1
"[I, l{D}, sN]",1
"[sC, l{I}, C, l{C}]",1
"[raw_NA, sC, sD, sI, sL]",1
"[l{sF}, l{C}, l{l{?}}, l{?}]",1
"[I]",4013
"[l{?}, l{C}, l{D}, l{L}, l{l{?}}, sN]",2
"[R, sN]",12
"[l{I}, l{language}]",2
"[l{I}, l{C}]",11
"[Y, language, sN]",1
"[l{Y}, l{language}, l{l{?}}]",1
"[D, sN, error, l{?}]",1
"[l{C}]",962
"[D, I, L, M{D}, l{C}, l{I}]",1
"[D, I, L, raw_NA, sD, sI, sL, sN]",1
"[l{I}, l{D}, l{C}, data.frame, l{?}]",2
"[D, I, M{I}]",10
"[l{Y}, l{language}, l{l{?}}, l{?}]",1
"[M{D}, language, sD]",1
"[sD, D, I, l{D}, l{?}]",1
"[D, X, l{D}, l{l{?}}, l{?}]",1
"[D, data.frame, sD, sN]",1
"[C, language, l{?}, l{l{?}}, sC, sE, sF, sI, sN, unevaled]",1
"[sS, M{D}, M{I}, M{C}, data.frame]",1
"[data.frame, sE, sS]",1
"[sS, data.frame]",10
"[C, I, Y, error, l{C}, l{Y}, l{sN}, sC, sE, sF, sI, sL, sN]",1
"[data.frame, l{D}, l{I}]",1
"[raw_NA, sX]",1
"[C, data.frame, missing, sC]",1
"[C, I, sL, sN]",1
"[L]",676
"[D, M{C}, M{D}, M{I}]",1
"[I, sI, sN]",19
"[C, D, I, L, l{?}, l{I}, l{sS}, raw_NA, sC, sD, sI, sS]",2
"[l{D}, l{?}]",232
"[sC, sF, sL, l{?}]",1
"[D, sD, sF]",32
"[M{C}, M{I}, missing]",1
"[sC, sD, C, M{D}, D, sI, I, M{C}]",2
"[language, sC, sD]",1
"[C, error]",28
"[C, sC, sD]",22
"[D, I, M{D}, M{I}, sD, sI, sN, sS]",1
"[D, I, M{D}, M{I}, M{L}, l{?}, sD, sS]",1
"[C, missing]",48
"[error, sC, sD, sN]",2
"[R, sR]",101
"[D, sN, l{?}]",1
"[I, M{C}, data.frame, l{D}]",3
"[l{?}, l{D}, l{I}, l{l{?}}, sN]",1
"[data.frame, missing, sF]",1
"[sX, M{X}, X]",1
"[M{D}, M{I}, M{X}, M{L}, M{C}, M{R}]",1
"[l{C}, l{D}, l{I}, l{L}, l{sS}]",2
"[D, l{D}, sN]",6
"[sC, l{I}, C, D, I]",1
"[D, I]",1073
"[C, I, L, missing, sC, sS]",1
"[R, sS]",1
"[D, raw_NA, l{?}]",1
"[Y, language, sI]",1
"[sS, sL, L]",1
"[l{?}, l{D}, l{l{?}}]",24
"[sC, sD, sL, I, sN]",1
"[l{?}, l{l{?}}, missing, sF]",1
"[L, sC]",3
"[C, D, I, M{D}, data.frame, sC, sD, sS]",1
"[D, l{D}, sD, sN]",3
"[D, I, l{l{?}}]",5
"[M{D}, D, I]",9
"[error, l{?}]",57
"[l{D}, data.frame]",7
"[D, I, R, sI, sR]",1
"[C, D, sC, unevaled]",1
"[C, M{D}, M{I}, I]",2
"[L, sD]",2
"[language, raw_NA, sF]",4
"[sC, C, raw_NA]",6
"[l{L}, l{sN}, l{C}, l{?}]",1
"[D, I, M{D}, sD]",15
"[sC, sD, sF, sL, language, error, data.frame]",1
"[C, I, L, sI, sL]",1
"[D, sC, sD, sF, sL, sN]",1
"[arg12_t]",1
"[R, sD, sI, sR]",3
"[M{D}, missing, raw_NA, sD]",2
"[l{C}, l{l{?}}, l{sN}, sN]",1
"[error, missing, sD, sI]",1
"[Y, language, sF]",1
"[D, X, l{D}]",1
"[D, L]",29
"[error]",1726
"[I, l{?}, l{I}, l{sN}]",1
"[L, sF]",5
"[sC, sD, sE, C, sI, sN]",1
"[R]",318
"[l{D}, sD, sN]",2
"[C, D, I, M{D}, data.frame, error, missing, sD, sF, sN]",1
"[data.frame, language, l{?}]",2
"[language, raw_NA, sD]",1
"[sD, D, l{?}]",10
"[sD, M{D}, D, sI, I, l{C}]",1
"[sD, M{D}, sL, M{L}, raw_NA]",1
"[sC, sD, C, sI, I, sN]",1
"[I, sI, sL]",2
"[M{D}, data.frame, l{C}, l{I}]",1
"[l{?}, l{C}, l{D}, l{I}]",27
"[l{D}, sF, unevaled]",2
